index,url,valid,domain,title,description,image,published,archive,content,quote,language,keyword
https://www.tagesschau.de/wirtschaft/finanzen/marktberichte/marktbericht-dax-dow-geldanlage-inflation-100.html,https://www.tagesschau.de/wirtschaft/finanzen/marktberichte/marktbericht-dax-dow-geldanlage-inflation-100.html,0,www.tagesschau.de,Marktbericht: Geldpolitik und Ölpreis belasten die Anlegerlaune,Der anziehende Ölpreis und die Aussicht auf steigende Leitzinsen in den USA und der Eurozone belasten die Stimmung am Markt. Vor frischen Inflationsdaten bleiben die Anleger zurückhaltend.,https://images.tagesschau.de/image/5c52df02-e6ba-4229-a355-64a0f5be2ce1/AAABnLJUK0w/AAABnSSvrFg/16x9-big/boerse-492.jpg?width=1280,2026-09-01T05:30:07Z,,"Stand: 01.09.2026 07:30 Uhr
Der anziehende Ölpreis und die Aussicht auf steigende Leitzinsen in den USA und der Eurozone belasten die Stimmung am Markt. Vor frischen Inflationsdaten bleiben die Anle… [+2934 chars]",,de,'Energiepreise'
https://www.zeit.de/news/2026-09/01/ifo-inflation-steigt-2027-auf-3-prozent-wenig-entspannung,https://www.zeit.de/news/2026-09/01/ifo-inflation-steigt-2027-auf-3-prozent-wenig-entspannung,0,www.zeit.de,Verbraucherpreise: Ifo: Inflation steigt 2027 auf 3 Prozent - wenig Entspannung,Hier finden Sie Informationen zu dem Thema „Verbraucherpreise“. Lesen Sie jetzt „Ifo: Inflation steigt 2027 auf 3 Prozent - wenig Entspannung“.,https://img.zeit.de/news/2026-09/01/ifo-inflation-steigt-2027-auf-3-prozent-wenig-entspannung-image-group/wide__1300x731,2026-09-01T06:38:54Z,,"Das Ifo-Institut erwartet vorübergehend weniger Preisdruck in Deutschland, sieht aber keine nachhaltige Entspannung bei der Inflation. Im August planten nach Angaben des Münchner Wirtschaftsforschung… [+1196 chars]",,de,'Inflation'
https://www.diepresse.com/41221481/inflation-im-august-laut-schnellschaetzung-auf-3-2-prozent-gestiegen,https://www.diepresse.com/41221481/inflation-im-august-laut-schnellschaetzung-auf-3-2-prozent-gestiegen,0,www.diepresse.com,"Inflation im August laut Schnellschätzung auf 3,2 Prozent gestiegen",Steigende Treibstoffpreise und Dienstleistungen schieben die Teuerung in Österreich weiter an. Die neue Mehrwertsteuer scheint hingegen einen positiven Einfluss zu haben.,https://img.diepresse.com/public/incoming/cgi0sm-imago302382444jpg/alternates/WEBP_WIDE_1200/imago302382444.jpg,2026-09-01T07:25:16Z,,"Die Presse auf Google als bevorzugte Nachrichtenquelle hinzufügen.
 Die Inflation ist im August laut Schnellschätzung der Statistik Austria auf 3,2 Prozent gestiegen. Im Juli lag die Teuerungsrate b… [+418 chars]",,de,'Heizöl'
https://www.morgenpost.de/wirtschaft/article413013277/heizoelpreise-aktuell-1-september-preis-heizoel-heizung-liter-heute-kaufen.html,https://www.morgenpost.de/wirtschaft/article413013277/heizoelpreise-aktuell-1-september-preis-heizoel-heizung-liter-heute-kaufen.html,0,www.morgenpost.de,Heizölpreise aktuell: Was ein Liter heute (1. September) kostet,Bei den Heizölpreisen ging es zuletzt deutlich nach oben. Setzt sich dieser Trend heute (1. September) fort? Der aktuelle Überblick.,https://img.sparknews.funkemedien.de/406781589/406781589_1720770938_v16_9_1600.jpeg,2026-09-01T07:51:57Z,,"Der Herbst ist das zumindest meteorologisch. Trotzdem ist die Nachfrage nach Heizöl in Deutschland vergleichsweise gering. Das ist untypisch, denn eigentlich decken sich die Menschen hierzulande vor … [+9024 chars]",,de,'Heizkosten'
https://www.zeit.de/news/2026-09/01/wadephul-setzt-auf-algerien-als-partner-fuer-gaslieferungen,https://www.zeit.de/news/2026-09/01/wadephul-setzt-auf-algerien-als-partner-fuer-gaslieferungen,0,www.zeit.de,Gasspeicher: Wadephul setzt auf Algerien als Partner für Gaslieferungen,Hier finden Sie Informationen zu dem Thema „Gasspeicher“. Lesen Sie jetzt „Wadephul setzt auf Algerien als Partner für Gaslieferungen“.,https://img.zeit.de/news/2026-09/01/wadephul-setzt-auf-algerien-als-partner-fuer-gaslieferungen-image-group/wide__1300x731,2026-09-01T08:22:47Z,,"Gas aus Algerien könnte nach Ansicht von Außenminister Johann Wadephul langfristig dabei helfen, die Gasspeicher in Deutschland zu füllen. «Diversifizierung ist absolut das Gebot der Stunde», sagte d… [+1776 chars]",,de,'Gasspeicher'
https://www.faz.net/aktuell/finanzen/finanzmarkt/inflationssprung-auf-3-3-prozent-was-heisst-das-fuer-sparer-und-kreditnehmer-accg-201176214.html,https://www.faz.net/aktuell/finanzen/finanzmarkt/inflationssprung-auf-3-3-prozent-was-heisst-das-fuer-sparer-und-kreditnehmer-accg-201176214.html,0,www.faz.net,"Vor der EZB-Sitzung: Inflation im Euroraum steigt deutlich auf 3,3 Prozent",Die spürbar höhere Inflation dürfte im Euroraum zu einer Zinserhöhung führen. Was heißt das für Sparer und Kreditnehmer?,https://media0.faz.net/image/w1200h627/54d8ddab627b/w7675h4010x0y554o/202608/43601.0.2473316706/notenbankzentrale-in-frankfurt.webp,2026-09-01T09:01:51Z,,"Die Inflation im Euroraum belief sich im August auf 3,3 Prozent. Das hat das europäische Statistikamt Eurostat in Luxemburg am Dienstag aufgrund einer ersten Schätzung mitgeteilt. Im Juli hatte die R… [+4821 chars]",,de,'Energiepreise'
https://www.focus.de/finanzen/news/erst-putin-jetzt-trump-ueber-90-prozent-us-lngg-experten-warnen-vor-deutschlands-neuer-gas-abhaengigkeit-unter-trump_4e691431-7808-416c-8e33-7ad7aef76ec1.html,https://www.focus.de/finanzen/news/erst-putin-jetzt-trump-ueber-90-prozent-us-lngg-experten-warnen-vor-deutschlands-neuer-gas-abhaengigkeit-unter-trump_4e691431-7808-416c-8e33-7ad7aef76ec1.html,0,www.focus.de,"Erst Putin, jetzt Trump: Über 90 Prozent US-LNGG – Experten warnen vor Deutschlands neuer Gas-Abhängigkeit unter Trump","Deutschland bezieht immer mehr LNG aus den USA. Russland zeigt, welche Risiken eine neue Gas-Abhängigkeit birgt.","https://quadro.burda-forward.de/ctf/dd7f8feb-de62-4690-9c27-869aa31a775e.8b558521-6d22-4662-9aea-60c4aef550a0.jpeg?im=RegionOfInterestCrop=(1200,630),regionOfInterest=(1898,754)&hash=e2e53cb41305483c956f857dcd3bd05e98180818a00ba09d342f0ca7389e4f45",2026-09-01T11:32:00Z,,Deutschland hat Putins Gashahn mit Schmerzen überstanden doch die Geschichte der deutschen Gasabhängigkeit ist damit nicht vorbei. Vier Jahre nach dem russischen Angriff auf die Ukraine kommt ein gro… [+5927 chars],,de,'Russland Gas'
https://www.faz.net/aktuell/politik/inland/sprengvorrichtung-an-brandenburger-umspannwerk-gefunden-201179145.html,https://www.faz.net/aktuell/politik/inland/sprengvorrichtung-an-brandenburger-umspannwerk-gefunden-201179145.html,0,www.faz.net,Brandenburg: Sprengvorrichtung an Umspannwerk gefunden,In der Nähe eines Kraftwerks sind in Brandenburg Sprengvorrichtungen gefunden worden. Gefahr bestehe nicht mehr. Eine Lokalzeitung berichtet sogar von Beschuss durch Raketen.,https://media0.faz.net/image/w1200h627/c74dce753219/w6000h3135x0y120o/202609/43601.0.2492586932/die-kraftwerksbloecke-im.webp,2026-09-01T12:07:26Z,,"Nach einem mutmaßlichen Anschlagsversuch auf ein Umspannwerk in Brandenburg ist eine Sprengvorrichtung entdeckt worden. Diese sei jedoch nicht explodiert, wie eine Polizeisprecherin in Potsdam am Die… [+1263 chars]",,de,'Rakete Kraftwerk'
https://www.zeit.de/news/2026-09/01/schutt-von-akw-biblis-kommt-nach-langem-streit-auf-halde,https://www.zeit.de/news/2026-09/01/schutt-von-akw-biblis-kommt-nach-langem-streit-auf-halde,0,www.zeit.de,Erster Transport: Schutt von Akw Biblis kommt nach langem Streit auf Halde,Hier finden Sie Informationen zu dem Thema „Erster Transport“. Lesen Sie jetzt „Schutt von Akw Biblis kommt nach langem Streit auf Halde“.,https://img.zeit.de/news/2026-09/01/schutt-von-akw-biblis-kommt-nach-langem-streit-auf-halde-image-group/wide__1300x731,2026-09-01T12:57:08Z,,Nach langem Tauziehen soll noch in dieser Woche der erste Schutt vom Rückbau des ehemaligen Atomkraftwerks Biblis auf der Deponie Büttelborn im benachbarten Kreis Groß-Gerau gelagert werden. Am Donne… [+1397 chars],,de,'Akw'
https://www.welt.de/wirtschaft/video6a96afd6518a586e1855f624/verbraucherpreise-im-euroraum-die-inflation-wird-nicht-konsequent-bekaempft.html,https://www.welt.de/wirtschaft/video6a96afd6518a586e1855f624/verbraucherpreise-im-euroraum-die-inflation-wird-nicht-konsequent-bekaempft.html,0,www.welt.de,„Die Inflation wird nicht konsequent bekämpft“,"Die Verbraucherpreise im Euroraum sind im August um 3,3 Prozent gestiegen. „Die EZB läuft der Inflation hinterher“, sagt Kapitalmarktanalyst Robert Halver im Gespräch mit Dietmar Deffner.",https://images.welt.de/6a96afd6518a586e1855f624/4c65d63a14838c4dfe6c944e91464e1f/ci16x9-w1200/deffner-png,2026-09-01T13:24:07Z,,"Die Verbraucherpreise im Euroraum sind im August um 3,3 Prozent gestiegen. Die EZB läuft der Inflation hinterher, sagt Kapitalmarktanalyst Robert Halver im Gespräch mit Dietmar Deffner.
© Axel Sprin… [+45 chars]",,de,'Inflation'
https://www.dw.com/de/johann-wadephul-deutschland-algerien-erdgas-energie/a-78620746,https://www.dw.com/de/johann-wadephul-deutschland-algerien-erdgas-energie/a-78620746,0,www.dw.com,Wadephul sieht Algerien als Energie-Retter für Deutschland,"Die deutschen Gasspeicher sind halbleer - was wenige Monate vor dem Winter vielerorts Sorgen auslöst. Der Bundesaußenminister hofft auf Hilfe aus dem Maghreb. Erdgas aus Algerien könnte nach Ansicht von Außenminister Johann Wadephul langfristig dabei helfen, …",https://static.dw.com/image/78584547_6.jpg,2026-09-01T14:23:00Z,,"Erdgas aus Algerien könnte nach Ansicht von Außenminister Johann Wadephul langfristig dabei helfen, die Gasspeicher in Deutschland zu füllen. ""Diversifizierung ist absolut das Gebot der Stunde"", sagt… [+2045 chars]",,de,'Gasmangellage'
https://www.derstandard.at/story/3000000337950/214lpreise-legen-weiter-zu,https://www.derstandard.at/story/3000000337950/214lpreise-legen-weiter-zu,0,www.derstandard.at,"Europas Gaspreis auf Höchststand seit Beginn des Iran-Kriegs, auch Ölpreis steigt",In der Straße von Hormus ist ein Öltanker beschossen worden. Das lässt den Ölpreis ansteigen. Die Sorge um LNG aus der Golfregion wächst,https://i.ds.at/IGieMg/rs:fill:1200:600/plain/lido-images/2026/04/14/fe4ce6c5-76ed-4d67-b35f-4ce3a83c3e73.jpg,2026-09-01T14:28:39Z,,"Sie entscheiden darüber, wie Sie unsere Inhalte nutzen wollen. Ihr Gerät erlaubt uns derzeit leider nicht, die entsprechenden Optionen anzuzeigen.
Bitte deaktivieren Sie sämtliche Hard- und Software… [+180 chars]",,de,'LNG'
https://www.golem.de/sonstiges/zustimmung/auswahl.html?from=https://www.golem.de/news/kraftwerk-jaenschwalde-selbstgebaute-rakete-trifft-stromnetz-in-brandenburg-2609-212508.html&referer=https://t.co/fced302a22,https://www.golem.de/sonstiges/zustimmung/auswahl.html?from=https://www.golem.de/news/kraftwerk-jaenschwalde-selbstgebaute-rakete-trifft-stromnetz-in-brandenburg-2609-212508.html&referer=https://t.co/fced302a22,0,www.golem.de,Kraftwerk Jänschwalde: Selbstgebaute Rakete trifft Stromnetz in Brandenburg,"Kurzzeitig ist durch eine Detonation ein Kraftwerksblock ausgefallen. Mehrere nicht explodierte Sprengsätze wurden gefunden. (Energie, Politik)",,2026-09-01T14:30:01Z,,"Besuchen Sie Golem.de wie gewohnt mit Werbung und Tracking,
 indem Sie der Nutzung aller Cookies zustimmen.
 Details zum Tracking finden Sie im Privacy Center.
Skript wurde nicht geladen. Informat… [+607 chars]",,de,'Rakete Kraftwerk'
https://www.faz.net/aktuell/wirtschaft/mehr-wirtschaft/inflationssprung-die-ezb-muss-dringend-handeln-201178620.html,https://www.faz.net/aktuell/wirtschaft/mehr-wirtschaft/inflationssprung-die-ezb-muss-dringend-handeln-201178620.html,0,www.faz.net,Europäische Zentralbank: Es ist höchste Zeit für eine Zinserhöhung,Die Inflation im Euroraum erreicht den höchsten Stand seit drei Jahren. Die Anleiherenditen schnellen hoch. Jetzt darf die EZB sich nicht von fiskalischen Erwägungen beeindrucken lassen.,https://media0.faz.net/image/w1200h627/2b7fe7d3c5fe/w6144h3210x0y835o/202609/43601.0.2492161371/die-ezb-muss-naechste-woche.webp,2026-09-01T17:01:52Z,,"Die Inflation ist viel zu hoch. Von 2,9 Prozent im Juli ist die Teuerung im Euroraum auf 3,3 Prozent im August gestiegen. Commerzbank-Ökonomen sprechen von einem Inflationssprung. In den ersten Eurol… [+2033 chars]",,de,'Inflation'
https://www.diepresse.com/41223831/usa-greifen-erneut-ziele-der-revolutionsgarden-im-iran-an,https://www.diepresse.com/41223831/usa-greifen-erneut-ziele-der-revolutionsgarden-im-iran-an,0,www.diepresse.com,USA greifen erneut Ziele der Revolutionsgarden im Iran an,"Neue US-Luftangriffe auf Ziele der iranischen Revolutionsgarden verschärfen die Lage rund um die Straße von Hormuz. Zugleich droht Teheran, Ölexporte aus dem Persischen Golf zu blockieren – mit möglichen Folgen für die globalen Energiemärkte.",https://img.diepresse.com/public/incoming/cys3eg-2026-08-31t175100z942363201rc2i9nahptc6rtrmadp3iran-crisis-oman-hormuzjpg/alternates/WEBP_WIDE_1200/2026-08-31T175100Z_942363201_RC2I9NAHPTC6_RTRMADP_3_IRAN-CRISIS-OMAN-HORMUZ.JPG,2026-09-01T17:12:52Z,,"Die Presse auf Google als bevorzugte Nachrichtenquelle hinzufügen.
 Die USA haben am Dienstag neue Luftangriffe auf Ziele der iranischen Revolutionsgarden geflogen. Damit wächst die Sorge vor einer … [+3384 chars]",,de,'Energiemärkte'
https://www.zeit.de/wirtschaft/2026-09/europaeischer-gaspreis-ttf-boerse-niederlande-usa-iran,https://www.zeit.de/wirtschaft/2026-09/europaeischer-gaspreis-ttf-boerse-niederlande-usa-iran,0,www.zeit.de,Gasversorgung: Gaspreis erreicht in Europa höchsten Wert seit mehr als drei Jahren,Nach der jüngsten Eskalation im Irankrieg sind die Gaspreise stark gestiegen. Neben der Sorge vor Lieferunterbrechungen verschärfen geringe Speicherstände die Lage.,https://img.zeit.de/wirtschaft/2026-09/europaeischer-gaspreis-ttf-boerse-niederlande-usa-iran-foto-1/wide__1300x731,2026-09-01T22:18:13Z,,Der europäische Gaspreis ist nach der Wiederaufnahme der gegenseitigen Angriffe zwischen dem Iran und den USA auf den höchsten Wert seit mehr als drei Jahren gestiegen. Der als Referenz für die Großh… [+2234 chars],,de,'Gasversorgung'
https://www.nzz.ch/wirtschaft/ich-verstehe-die-sorgen-um-die-swiss-aber-manchmal-kommen-sie-mir-vor-wie-phantomschmerzen-ld.10020787,https://www.nzz.ch/wirtschaft/ich-verstehe-die-sorgen-um-die-swiss-aber-manchmal-kommen-sie-mir-vor-wie-phantomschmerzen-ld.10020787,0,www.nzz.ch,INTERVIEW - «Ich verstehe die Sorgen um die Swiss. Aber manchmal kommen sie mir vor wie Phantomschmerzen»,"Fünf Jahre lang präsidierte Johannes Teyssen den Stromkonzern Alpiq, nun führt er den Aufsichtsrat der Lufthansa. Schweizer Alleingänge seien eine Illusion, sagt er im Gespräch – ob in der Energieversorgung oder in der Luftfahrt.","https://img-msp-prod.nzz.ch/2026/08/24/c8236cd6-b82f-4925-9550-dd2fb7f70ed2.jpg?width=1200&height=674&fit=bounds&quality=75&auto=webp&crop=3549,1996,x957,y542&wmark=nzz",2026-09-02T03:30:00Z,,"Fünf Jahre lang präsidierte Johannes Teyssen den Stromkonzern Alpiq, nun führt er den Aufsichtsrat der Lufthansa. Schweizer Alleingänge seien eine Illusion, sagt er im Gespräch  ob in der Energievers… [+11688 chars]",,de,'AKW'
https://www1.wdr.de/nrw/rheinland/rhein-erft-kreis/moeglicher-anschlag-grosseinsatz-am-umspannwerk-niederaussem-100.html,https://www1.wdr.de/nrw/rheinland/rhein-erft-kreis/moeglicher-anschlag-grosseinsatz-am-umspannwerk-niederaussem-100.html,0,www1.wdr.de,Großeinsatz am Umspannwerk in Bergheim in Nordrhein-Westfalen,In der Nacht gab es einen Störfall an einem Umspannwerk in Bergheim in Nordrhein-Westfalen. Die Polizei geht von einer vorsätzlichen Tat aus. Die allgemeine Stromversorgung sei nicht betroffen.,https://images.tagesschau.de/image/2cbaa9f4-8f50-42c1-bb2e-727201009057/AAABoGCRXKc/AAABnSSvrFg/16x9-big/wdr-sabotage-am-umspannwerk-bergheim-video-tn-100.jpg?width=1280,2026-09-02T05:03:00Z,,"Stand: 02.09.2026 07:19 Uhr
In der Nacht gab es einen Störfall an einem Umspannwerk in Bergheim in Nordrhein-Westfalen. Die Polizei geht von einer vorsätzlichen Tat aus. Die allgemeine Stromversorgu… [+2681 chars]",,de,'Erneuerbare Energie'
https://www.n-tv.de/wirtschaft/Merz-besorgt-wegen-niedriger-Gasfuellstaende-id31259439.html,https://www.n-tv.de/wirtschaft/Merz-besorgt-wegen-niedriger-Gasfuellstaende-id31259439.html,0,www.n-tv.de,Druck auf Reiche wächst: Merz besorgt wegen niedriger Gasfüllstände,"Wie gut ist Deutschland auf den Winter vorbereitet? Noch sind die Füllstände in den Gasspeichern niedrig - was Kanzler Merz offenbar so beunruhigt, dass er sich nun regelmäßig über die Lage informieren lässt. Auch sein Digitalminister macht sich Sorgen.",https://www.n-tv.de/img/31259479/1788333433/Img_16_9/1200/615316759.jpg,2026-09-02T06:00:14Z,,"Merz zum Abschluss der Kabinettsklausur in Neuhardenberg, wo sein Digitalminister vor Engpässen warnte. (Foto: picture alliance / dts-Agentur)
Wie gut ist Deutschland auf den Winter vorbereitet? Noc… [+2726 chars]",,de,'Gasspeicher'
https://www.tagesschau.de/wirtschaft/konjunktur/inflation-ezb-renditen-anleihen-preise-100.html,https://www.tagesschau.de/wirtschaft/konjunktur/inflation-ezb-renditen-anleihen-preise-100.html,0,www.tagesschau.de,Was hilft gegen die gestiegene Inflation?,"Die Euro-Inflation liegt inzwischen bei 3,3 Prozent. Grund ist vor allem das teure Rohöl als Folge des Iran-Kriegs - ein Dilemma für Europas Notenbanker. Steigen die Preise bald womöglich noch schneller? Von Angela Göpfert.",https://images.tagesschau.de/image/19238128-5c1b-4352-85f7-01cee85ce630/AAABoBnNk84/AAABnSSvrFg/16x9-big/spritpreise-240.jpg?width=1280,2026-09-02T07:03:04Z,,"Stand: 02.09.2026 09:03 Uhr
Die Euro-Inflation liegt inzwischen bei 3,3 Prozent. Grund ist vor allem das teure Rohöl als Folge des Iran-Kriegs - ein Dilemma für Europas Notenbanker. Steigen die Prei… [+5700 chars]",,de,'Inflation'
https://www.prnewswire.com/news-releases/die-warmepumpe-skyven-arcturus-erreicht-einen-cop-wert-von-8-0-und-setzt-damit-neue-maWstabe-bei-der-effizienz-industrieller-dampferzeugung-302867177.html,https://www.prnewswire.com/news-releases/die-warmepumpe-skyven-arcturus-erreicht-einen-cop-wert-von-8-0-und-setzt-damit-neue-maWstabe-bei-der-effizienz-industrieller-dampferzeugung-302867177.html,0,www.prnewswire.com,"Die Wärmepumpe „Skyven Arcturus"" erreicht einen COP-Wert von 8,0 und setzt damit neue Maßstäbe bei der Effizienz industrieller Dampferzeugung","Dieser Meilenstein bedeutet eine Verbesserung von mehr als 20 % seit der Inbetriebnahme und festigt damit die Position von Arcturus als eine der effizientesten industriellen Dampftechnologien, die derzeit auf dem Markt erhältlich sind. ANTWERPEN, Belgien, 2. …",https://mmx.prnewswire.com/media/MS1978688/Skyven_Demo-Center_Arcturus.jpg?id=OA2923778&p=facebook,2026-09-02T08:11:00Z,,"Dieser Meilenstein bedeutet eine Verbesserung von mehr als 20 % seit der Inbetriebnahme und festigt damit die Position von Arcturus als eine der effizientesten industriellen Dampftechnologien, die de… [+2934 chars]",,de,'Wärmepumpe'
https://www.zeit.de/news/2026-09/02/eu-genehmigt-deutsche-milliarden-fuer-gaskraftwerke,https://www.zeit.de/news/2026-09/02/eu-genehmigt-deutsche-milliarden-fuer-gaskraftwerke,0,www.zeit.de,Energieversorgung: EU genehmigt deutsche Milliarden für Gaskraftwerke,Hier finden Sie Informationen zu dem Thema „Energieversorgung“. Lesen Sie jetzt „EU genehmigt deutsche Milliarden für Gaskraftwerke“.,https://img.zeit.de/news/2026-09/02/eu-genehmigt-deutsche-milliarden-fuer-gaskraftwerke-image-group/wide__1300x731,2026-09-02T09:46:08Z,,"Deutschland darf ab 2031 den Bau neuer Gaskraftwerke mit einem Milliardenpaket fördern. Die EU-Kommission gab grünes Licht für die geplante Unterstützung mit bis zu 35 Milliarden Euro. 
In Deutschla… [+2166 chars]",,de,'Energieversorgung'
https://www.faz.net/aktuell/politik/inland/liveblog-bundespolitik-russland-bestellt-geschaeftstraeger-der-deutschen-botschaft-ein-faz-110093143.html,https://www.faz.net/aktuell/politik/inland/liveblog-bundespolitik-russland-bestellt-geschaeftstraeger-der-deutschen-botschaft-ein-faz-110093143.html,0,www.faz.net,Deutschland-Liveblog: Russland bestellt Geschäftsträger der deutschen Botschaft ein,Reaktion auf angekündigte Maßnahmen gegen Moskau +++ Röttgen fordert härteres Vorgehen gegen die russische Schattenflotte +++ Drei Abgeordnete verlassen Thüringer BSW-Fraktion +++ alle Entwicklungen im Liveblog,https://media0.faz.net/image/w1200h627/bbe5e93e26c1/w3000h1567x0y150o/202012/43600.0.61304930/deutsche-botschaft-in-moskau.webp,2026-09-02T11:23:29Z,,Russland hat als Reaktion auf die deutschen Strafmaßnahmen den Geschäftsträger der deutschen Botschaft in Moskau einbestellt. Nach F.A.Z.-Informationen wird er noch heute im russischen Außenministeri… [+863 chars],,de,'Schattenflotte'
https://www.diepresse.com/41225396/europaeischer-gaspreis-steigt-auf-den-hoechsten-stand-seit-beginn-des,https://www.diepresse.com/41225396/europaeischer-gaspreis-steigt-auf-den-hoechsten-stand-seit-beginn-des,0,www.diepresse.com,Europäischer Gaspreis steigt auf den höchsten Stand seit Beginn des Iran-Kriegs,Der Iran-Krieg und die Blockade der Straße von Hormuz haben einen erheblichen Teil der weltweiten Erdgaslieferungen beeinträchtigt.,https://img.diepresse.com/public/incoming/22agjw-2026-07-30t064755z401132342rc26omah7aikrtrmadp3china-lng-outlookjpg/alternates/WEBP_WIDE_1200/2026-07-30T064755Z_401132342_RC26OMAH7AIK_RTRMADP_3_CHINA-LNG-OUTLOOK.JPG,2026-09-02T12:22:47Z,,"Die Presse auf Google als bevorzugte Nachrichtenquelle hinzufügen.
 Der Preis für europäisches Erdgas hat den Höhenflug am Mittwoch fortgesetzt und den höchsten Stand seit Beginn des Iran-Kriegs err… [+2360 chars]",,de,'Gaspreis'
https://www.tagesspiegel.de/berlin/dpa-vorsorge-starken-16009694.html,https://www.tagesspiegel.de/berlin/dpa-vorsorge-starken-16009694.html,0,www.tagesspiegel.de,Vorsorge stärken: Angriffe auf Stromnetz: Experte sieht neue Qualität,"Zwei Angriffe auf die Stromversorgung binnen kürzester Zeit: Krisenexperten beklagen, dass auch die Bevölkerung nur unzureichend auf den Ernstfall vorbereitet ist. Sie warnen.",https://www.tagesspiegel.de/images/16009693/alternates/BASE_16_9_W1400/1788352222000/sprengvorrichtung-an-umspannwerk-gefunden.jpeg,2026-09-02T12:30:22Z,,"Nach zwei Angriffen auf die Stromversorgung in Deutschland warnen Krisenvorsorgeexperten vor einer neuen Qualität bei den Attacken. Fakt ist aber, dass hier eine gefährliche Eskalationsspirale am Lau… [+2430 chars]",,de,'Blackout'
https://www.sueddeutsche.de/politik/deutschland-russland-hybrider-krieg-strafmassnahmen-russisches-haus-li.3541024,https://www.sueddeutsche.de/politik/deutschland-russland-hybrider-krieg-strafmassnahmen-russisches-haus-li.3541024,0,www.sueddeutsche.de,Russlands hybrider Krieg: Eine Antwort auf Leipzig – und viele Fragen,"Generalkonsulat dicht, Russland-Haus soll schließen, Schattenflotte unter Druck: Deutschland verhängt wegen des Angriffs von Leipzig Strafmaßnahmen gegen Russland. Doch wie wirksam sind sie?",https://www.sueddeutsche.de/2026/09/02/e0c9e15d-d020-49ef-aec9-bf29fbbc7158.jpg?q=60&fm=webp&width=1200&rect=0%2C391%2C4000%2C2250,2026-09-02T12:44:22Z,,"Stärke und Entschlossenheit, das war Alexander Dobrindt (CSU) und Johann Wadephul (CDU) anzusehen, sollte ihr gemeinsamer Auftritt ausstrahlen. Auf einer kleinen Bühne im Innenministerium verkündeten… [+309 chars]",,de,'Schattenflotte'
https://www.faz.net/aktuell/politik/ausland/wie-russlands-schattenflotte-begegnet-werden-koennte-201182387.html,https://www.faz.net/aktuell/politik/ausland/wie-russlands-schattenflotte-begegnet-werden-koennte-201182387.html,0,www.faz.net,Nord- und Ostsee: Wie Russlands Schattenflotte begegnet werden könnte,"Mit einer riesigen Schattenflotte füllt Russland seine Kriegskasse. Der Deutschen Marine fehlt es an wendigen Booten, um die Tanker zu stoppen. Wie gehen andere Länder vor?",https://media0.faz.net/image/w1200h627/d6529d5da17f/w3500h1828x0y325o/202603/43601.0.1901173492/ein-franzoesischer.webp,2026-09-02T12:58:45Z,,"Das russische Regime hat seit Beginn seines Angriffskriegs gegen die Ukraine durch etwa zwei Dutzend Sanktionspakete erhebliche Nachteile erlitten. Deren Ziel war es unter anderem, Russlands Energiee… [+8987 chars]",,de,'Schattenflotte'
https://www.faz.net/aktuell/finanzen/finanzmarkt/dax-ratlosigkeit-zwischen-hormus-und-zentralbanksitzungen-201181792.html,https://www.faz.net/aktuell/finanzen/finanzmarkt/dax-ratlosigkeit-zwischen-hormus-und-zentralbanksitzungen-201181792.html,0,www.faz.net,Ratlosigkeit an der Börse: Rekordserie des Dax vorerst zu Ende,"Steigende Energiepreise, Zinssorgen und die Entwicklung der Anleiherenditen lasten auf dem deutschen Leitindex. Trotz allem sieht es für manche Einzelwerte weiter gut aus.",https://media0.faz.net/image/w1200h627/6522c885773c/w6144h3210x0y297o/202608/43601.0.2422498162/hoffnungslosigkeit-auf-dem.webp,2026-09-02T13:19:24Z,,Der Dax legt zu Beginn des Septembers eine Verschnaufpause ein. Im August hatte über weite Strecken noch ein Rekord den nächsten gejagt. Seinen bisherigen Höchststand erreichte der deutsche Leitindex… [+3910 chars],,de,'Inflation'
https://www.faz.net/aktuell/wirtschaft/mehr-wirtschaft/angriffe-aufs-stromnetz-klaert-endlich-wer-die-infrastruktur-schuetzt-201183194.html,https://www.faz.net/aktuell/wirtschaft/mehr-wirtschaft/angriffe-aufs-stromnetz-klaert-endlich-wer-die-infrastruktur-schuetzt-201183194.html,0,www.faz.net,"Sabotage in Brandenburg und NRW: Klärt endlich, wer die Infrastruktur schützt","Der Schutz gegen Anschläge auf die Stromversorgung leidet auch unter dem Kompetenzgerangel. Die Zusatzkosten muss man anderswo einsparen, etwa beim Ökostromausbau.",https://media0.faz.net/image/w1200h627/f6f0c876712e/w6144h3210x0y443o/202609/43601.0.2495418842/im-visier-ein-umspannwerk-des.webp,2026-09-02T15:39:34Z,,"Es stimmt nicht, dass Politik, Sicherheitskräfte und Unternehmen aus früheren Anschlägen auf die kritische Infrastruktur nichts gelernt hätten. Das KRITIS-Dachgesetz ist seit März in Kraft und hat da… [+1980 chars]",,de,'Stromversorgung'
https://www.morgenpost.de/politik/article413039287/schattenflotte-und-einreisekontrollen-wo-deutschland-alleine-machtlos-ist.html,https://www.morgenpost.de/politik/article413039287/schattenflotte-und-einreisekontrollen-wo-deutschland-alleine-machtlos-ist.html,0,www.morgenpost.de,Schattenflotte und Einreisekontrollen: Wo Deutschland alleine machtlos ist,Gegen Russland will die Bundesregierung jetzt klare Kante zeigen. Doch an einigen Stellen ist das leichter gesagt als getan.,https://img.sparknews.funkemedien.de/412986129/412986129_1787893688_v16_9_1600.jpeg,2026-09-02T16:46:03Z,,Nach dem gescheiterten Drohnen-Angriff am Leipziger Flughafen und Deutschlands Schuldzuweisung an Moskau forciert die Europäische Union neue Sanktionen gegen Russland. Die Außenbeauftragte Kaja Kalla… [+3388 chars],,de,'Schattenflotte'
https://www.welt.de/politik/deutschland/article6a9853579452c52238231deb/ministerpraesidentin-ein-irrtum-schwesig-aeussert-bedauern-ueber-fruehere-haltung-zu-russland.html,https://www.welt.de/politik/deutschland/article6a9853579452c52238231deb/ministerpraesidentin-ein-irrtum-schwesig-aeussert-bedauern-ueber-fruehere-haltung-zu-russland.html,0,www.welt.de,„Ein Irrtum“ – Schwesig äußert Bedauern über frühere Haltung zu Russland,„Das sehe ich kritisch“: Mecklenburg-Vorpommerns Regierungschefin Schwesig (SPD) gesteht Fehler in ihrer früheren Russland-Politik ein. Ihr Engagement für Nord Stream 2 verteidigt sie.,https://images.welt.de/6a9853579452c52238231deb/09b887776ecb8d720b189cba6bc97d92/ci16x9-w1200/593701409-jpg,2026-09-02T17:40:57Z,,"Das sehe ich kritisch: Mecklenburg-Vorpommerns Regierungschefin Schwesig (SPD) gesteht Fehler in ihrer früheren Russland-Politik ein. Ihr Engagement für Nord Stream 2 verteidigt sie.Klicken Sie hier,… [+2291 chars]",,de,'Gaslieferungen'
https://www.zeit.de/wirtschaft/2026-09/stromversorgung-brandenburg-nordrhein-westfalen-anschlag-stromausfall,https://www.zeit.de/wirtschaft/2026-09/stromversorgung-brandenburg-nordrhein-westfalen-anschlag-stromausfall,0,www.zeit.de,Stromversorgung: Wie lässt sich das Stromnetz schützen?,Die jüngsten Anschläge in Brandenburg und NRW zeigen: Die deutsche Energieversorgung ist extrem verwundbar. Doch mit diesen fünf Mitteln könnte sie sicherer werden.,https://img.zeit.de/wirtschaft/2026-09/stromversorgung-brandenburg-nordrhein-westfalen-anschlag-stromausfall-bild/wide__1300x731,2026-09-02T17:45:05Z,,"Schließen
Artikelzusammenfassung
Saboteure trafen das deutsche Energiesystem an einem Tag gleich zweimal. Am Morgen beschädigten Angreifer mit selbst gebauten Raketen Leitungen am Kraftwerk Jänschw… [+1077 chars]",,de,'Energieversorgung'
https://www.zeit.de/news/2026-09/02/us-energieminister-oel-deals-mit-venezuela-sind-historisch,https://www.zeit.de/news/2026-09/02/us-energieminister-oel-deals-mit-venezuela-sind-historisch,0,www.zeit.de,Ölvorkommen: US-Energieminister: Öl-Deals mit Venezuela sind «historisch»,Hier finden Sie Informationen zu dem Thema „Ölvorkommen“. Lesen Sie jetzt „US-Energieminister: Öl-Deals mit Venezuela sind «historisch»“.,https://img.zeit.de/news/2026-09/02/us-energieminister-oel-deals-mit-venezuela-sind-historisch-image-group/wide__1300x731,2026-09-02T19:21:41Z,,"US-Energieminister Chris Wright hat bei einem Besuch in Caracas die jüngsten Öl-Abkommen mit Venezuela als «historisch» bezeichnet. Die USA seien daran interessiert, die Energieproduktion weltweit au… [+2399 chars]",,de,'Energieminister'
https://www.zeit.de/politik/deutschland/2026-09/sabotage-umspannwerke-brandenburg-nrw-infrastruktur,https://www.zeit.de/politik/deutschland/2026-09/sabotage-umspannwerke-brandenburg-nrw-infrastruktur,0,www.zeit.de,Energiesicherheit: Verband fordert Backup-System gegen Sabotage im Stromnetz,"Einen Komplettschutz gegen Anschläge gibt es nicht, sagt die Präsidentin des Verbands für Erneuerbare Energien. Doch Bioenergie und Wasserkraft könnten Lücken schließen.",https://img.zeit.de/politik/deutschland/2026-09/umspannwerk-sabotage-stromnetz-deutschland-bild/wide__1300x731,2026-09-03T00:19:31Z,,Der Bundesverband der Erneuerbaren Energien (BEE) hat nach mehreren Angriffen auf das Stromnetz in Deutschland ein »Backup-System für Notfälle« gefordert. Zuvor waren in Brandenburg und in Nordrhein-… [+1858 chars],,de,'Energiesicherheit'
https://www.zeit.de/wirtschaft/2026-09/gasspeicher-deutschland-betreiber-ines-kosten-winter,https://www.zeit.de/wirtschaft/2026-09/gasspeicher-deutschland-betreiber-ines-kosten-winter,0,www.zeit.de,Gasspeicher in Deutschland: Betreiber von Gasspeichern fordern Vergünstigungen,Deutschlands Gasspeicher sind im Schnitt zu gut 53 Prozent gefüllt. Die Betreiber von Gasspeichern warnen vor einem Mangel und schlagen Maßnahmen zur Vergünstigung vor.,https://img.zeit.de/wirtschaft/2026-09/gasspeicher-deutschland-betreiber-ines-kosten-winter-foto-1/wide__1300x731,2026-09-03T06:34:33Z,,"Um die Gasspeicherstände in Deutschland zu erhöhen, wollen die Betreiber von Gasspeichern Vergünstigungen für ihr Geschäft. »Die aktuellen Marktbedingungen setzen keine ausreichenden wirtschaftlichen… [+867 chars]",,de,'Gasversorgung'
https://www.zeit.de/wirtschaft/2026-09/benzinpreis-super-e10-adac-rekord-iran-konflikt-gxe,https://www.zeit.de/wirtschaft/2026-09/benzinpreis-super-e10-adac-rekord-iran-konflikt-gxe,0,www.zeit.de,Benzinpreis in Deutschland: Benzinpreis erreicht nach neuen Angriffen auf den Iran Höchststand,"Gemessen ohne Inflation ist Benzin in Deutschland so teuer wie noch nie. Seit den jüngsten US-Angriffen auf den Iran kostet ein Liter E10 im Schnitt 2,22 Euro.",https://img.zeit.de/wirtschaft/2026-09/benzinpreis-super-e10-adac-rekord-iran-konflikt-foto-1/wide__1300x731,2026-09-03T08:06:33Z,,"Nach den erneuten Angriffen der USA auf den Iran ist der Preis für Superbenzin E10 in Deutschland auf einen Höchststand gestiegen. Ein Liter kostete am Mittwoch im bundesweiten Durchschnitt 2,215 Eur… [+1615 chars]",,de,'Inflation'
https://www.tagesschau.de/wirtschaft/benzinpreis-rekord-102.html,https://www.tagesschau.de/wirtschaft/benzinpreis-rekord-102.html,0,www.tagesschau.de,Super E10 erreicht neuen Höchststand infolge des Iran-Kriegs,"Es ist ein neuer Schock an den Zapfsäulen: Benzin ist wegen der neuen Kämpfe so teuer wie noch nie. Doch es lohnt ein genauer Blick. Denn wird die Inflation berücksichtigt, waren die Spritpreise schon mal höher.",https://images.tagesschau.de/image/0b988c11-5bec-4b73-85b3-761282c5a9b5/AAABld576Pw/AAABnSSvrFg/16x9-big/tanken-130.jpg?width=1280,2026-09-03T08:49:41Z,,"Stand: 03.09.2026 10:49 Uhr
Es ist ein neuer Schock an den Zapfsäulen: Benzin ist wegen der neuen Kämpfe so teuer wie noch nie. Doch es lohnt ein genauer Blick. Denn wird die Inflation berücksichtig… [+1454 chars]",,de,'Inflation'
https://www.faz.net/aktuell/wirtschaft/unternehmen/stark-defence-mit-unbemannten-seedrohnen-gegen-russlands-schattenflotte-accg-201181681.html,https://www.faz.net/aktuell/wirtschaft/unternehmen/stark-defence-mit-unbemannten-seedrohnen-gegen-russlands-schattenflotte-accg-201181681.html,0,www.faz.net,Seedrohnen aus Flensburg: Mit der „Seetaube“ gegen Russlands Schattenflotte,In Zeiten hybrider Kriegsführung werden unbemannte Schiffe zunehmend wichtiger. Das Drohnen-Start-up Stark Defence hat nun eine Werft als Produktionspartner gefunden. Auch Lars Windhorst und Peter Thiel sind involviert.,https://media0.faz.net/image/w1200h627/995db88ae1bd/w5545h2897x0y539o/202609/43601.0.2495616351/genannt-seetaube-ein-erstes.webp,2026-09-03T10:27:44Z,,"Noch ist es nicht mehr als eine Absichtserklärung, aber sie bringt Deutschland näher an den Einsatz von Seedrohnen: Das Verteidigungsunternehmen Stark Defence aus Berlin hat die Flensburger Shipyard … [+6607 chars]",,de,'Schattenflotte'
https://www.zeit.de/news/2026-09/03/preisspruenge-bei-oel-und-gas-machen-tanken-und-heizen-teurer,https://www.zeit.de/news/2026-09/03/preisspruenge-bei-oel-und-gas-machen-tanken-und-heizen-teurer,0,www.zeit.de,Energiepreise: Preissprünge bei Öl und Gas machen Tanken und Heizen teurer,Hier finden Sie Informationen zu dem Thema „Energiepreise“. Lesen Sie jetzt „Preissprünge bei Öl und Gas machen Tanken und Heizen teurer“.,https://img.zeit.de/news/2026-09/03/preisspruenge-bei-oel-und-gas-machen-tanken-und-heizen-teurer-image-group/wide__1300x731,2026-09-03T10:45:33Z,,Schlechte Nachrichten für Autofahrer und Heizölkunden - und möglicherweise noch mehr Verbraucher: Auf dem Weltmarkt ist der Preis für Rohöl wieder deutlich gestiegen. Die Notierung für Rohöl der Nord… [+5580 chars],,de,'Winter heizen'
https://www.tagesspiegel.de/wirtschaft/dpa-energiepreise-16013361.html,https://www.tagesspiegel.de/wirtschaft/dpa-energiepreise-16013361.html,0,www.tagesspiegel.de,Energiepreise: Preissprünge bei Öl und Gas machen Tanken und Heizen teurer,"Auch wenn es zwischenzeitlich etwas Entspannung gab, der Iran-Krieg hält die Preise für Öl und Gas hoch. Das trifft die Wirtschaft, aber auch die Verbraucher, die tanken und heizen müssen.",https://www.tagesspiegel.de/images/16013360/alternates/BASE_16_9_W1400/1788432389000/raffinerie-pck.jpeg,2026-09-03T10:46:29Z,,Schlechte Nachrichten für Autofahrer und Heizölkunden - und möglicherweise noch mehr Verbraucher: Auf dem Weltmarkt ist der Preis für Rohöl wieder deutlich gestiegen. Die Notierung für Rohöl der Nord… [+5637 chars],,de,'Gas Wirtschaft'
https://www.tagesspiegel.de/wissen/energieforscher-zu-anschlagen-auf-stromnetze-infrastruktur-im-freien-feld-lasst-sich-niemals-komplett-schutzen-16012188.html,https://www.tagesspiegel.de/wissen/energieforscher-zu-anschlagen-auf-stromnetze-infrastruktur-im-freien-feld-lasst-sich-niemals-komplett-schutzen-16012188.html,0,www.tagesspiegel.de,Energieforscher zu Anschlägen auf Stromnetze: „Infrastruktur im freien Feld lässt sich niemals komplett schützen“,"Nach den jüngsten Anschlägen auf deutsche Stromnetze: Energieforscher Christian Rehtanz erklärt, wie verwundbar wir wirklich sind, was aus dem Berliner Stromausfall im Januar zu lernen ist und was einen Flächen-Blackout auslösen würde.",https://www.tagesspiegel.de/images/16013232/alternates/BASE_16_9_W1400/1788431653000/anschlag-auf-umspannwerk-bei-bergheim.jpeg,2026-09-03T10:52:24Z,,"Herr Rehtanz, nach den wiederholten Anschlägen auf deutsche Stromnetze: Können wir eine so verletzliche Infrastruktur wie Energienetze überhaupt ausreichend schützen?Grundsätzlich lässt sich Infrastr… [+303 chars]",,de,'Blackout'
https://www.tagesschau.de/wirtschaft/konjunktur/wirtschaftsinstitute-herbstprognose-100.html,https://www.tagesschau.de/wirtschaft/konjunktur/wirtschaftsinstitute-herbstprognose-100.html,0,www.tagesschau.de,Wirtschaftsinstitute korrigieren Wachstumsprognosen nach oben,Es soll wieder bergauf gehen in der Wirtschaft: Mehrere Forschungsinstitute heben ihre Prognose für das aktuelle Jahr deutlich an. Doch die Inflation bleibt hoch - und könnte zur Belastung werden.,https://images.tagesschau.de/image/5cecefc4-18df-44da-b585-b3e16fa7d7c0/AAABoGaR7k8/AAABnSSvrFg/16x9-big/konjunktur-416.jpg?width=1280,2026-09-03T11:07:18Z,,"Stand: 03.09.2026 13:07 Uhr
Es soll wieder bergauf gehen in der Wirtschaft: Mehrere Forschungsinstitute heben ihre Prognose für das aktuelle Jahr deutlich an. Doch die Inflation bleibt hoch - und kö… [+4743 chars]",,de,'Gas Industrie'
https://www.welt.de/videos/video6a99478cdde98c923617ffa0/hybride-bedrohungslage-russland-eskaliert-wir-reagieren-angemessen.html,https://www.welt.de/videos/video6a99478cdde98c923617ffa0/hybride-bedrohungslage-russland-eskaliert-wir-reagieren-angemessen.html,0,www.welt.de,„Russland eskaliert – wir reagieren angemessen“,Nach der Häufung hybrider Angriffe auf Deutschland betont Außenminister Johann Wadephul (CDU) die Bedeutung europäischer Solidarität und kündigt härtere Maßnahmen gegen Russlands Schattenflotte an.,https://images.welt.de/6a99478cdde98c923617ffa0/c885515fb6d5cadbaacd219c4915c530-master/ci16x9-w1200/johann-png,2026-09-03T11:53:53Z,,Die WELT als ePaper: Die vollständige Ausgabe steht Ihnen bereits am Vorabend zur Verfügung so sind Sie immer hochaktuell informiert. Weitere Informationen https://epaper.welt.de,,de,'Schattenflotte'
https://www.welt.de/politik/ausland/plus6a983f78c53a6557d48dd812/schattenflotte-das-sicherheitsumfeld-ist-so-instabil-wie-lange-nicht-mehr.html,https://www.welt.de/politik/ausland/plus6a983f78c53a6557d48dd812/schattenflotte-das-sicherheitsumfeld-ist-so-instabil-wie-lange-nicht-mehr.html,0,www.welt.de,„Das Sicherheitsumfeld ist so instabil wie lange nicht mehr“,Dänemark und Deutschland sind immer häufiger Ziel hybrider Kriegsführung. Parallel ändert Russlands Schattenflotte ihr Verhaltensmuster. Der Chef der dänischen Marine fordert zum Schutz der Ostsee drei Maßnahmen – und lobt Deutschland.,https://images.welt.de/6a983f78c53a6557d48dd812/6c1b626bb3172d38360a925595ffe3b4-master/ci16x9-w1200/547355438-jpg,2026-09-03T12:11:46Z,,Die WELT als ePaper: Die vollständige Ausgabe steht Ihnen bereits am Vorabend zur Verfügung so sind Sie immer hochaktuell informiert. Weitere Informationen https://epaper.welt.de,,de,'Schattenflotte'
https://www.zeit.de/news/2026-09/03/ministerpraesidenten-dringen-auf-niedrigere-strompreise,https://www.zeit.de/news/2026-09/03/ministerpraesidenten-dringen-auf-niedrigere-strompreise,0,www.zeit.de,Energiekosten: Ministerpräsidenten dringen auf niedrigere Strompreise,Hier finden Sie Informationen zu dem Thema „Energiekosten“. Lesen Sie jetzt „Ministerpräsidenten dringen auf niedrigere Strompreise“.,https://img.zeit.de/news/2026-09/03/ministerpraesidenten-dringen-auf-niedrigere-strompreise-image-group/wide__1300x731,2026-09-03T14:50:38Z,,"Ostdeutsche Ministerpräsidenten dringen auf niedrigere Strompreise. «Die Strompreise sind weiter zu hoch und müssen endlich sinken», mahnt Brandenburgs Regierungschef Dietmar Woidke (SPD). Klimaschut… [+1941 chars]",,de,'Energiekosten'
https://www.tagesspiegel.de/berlin/dpa-energiekosten-16015239.html,https://www.tagesspiegel.de/berlin/dpa-energiekosten-16015239.html,0,www.tagesspiegel.de,Energiekosten: Ministerpräsidenten dringen auf niedrigere Strompreise,"Strom ist in Deutschland teurer als in anderen Industrieländern. Mehrere Ost-Ministerpräsidenten fordern deswegen niedrigere Preise, damit Deutschland wettbewerbsfähig bleibt.",https://www.tagesspiegel.de/images/16015238/alternates/BASE_16_9_W1400/1788447131000/ostdeutsches-energieforum.jpeg,2026-09-03T14:52:10Z,,"Ostdeutsche Ministerpräsidenten dringen auf niedrigere Strompreise. Die Strompreise sind weiter zu hoch und müssen endlich sinken, mahnt Brandenburgs Regierungschef Dietmar Woidke (SPD). Klimaschutz … [+1990 chars]",,de,'Erneuerbare Energie'
https://www.faz.net/aktuell/politik/inland/hybride-angriffe-so-koennen-sie-sich-wappnen-201185499.html,https://www.faz.net/aktuell/politik/inland/hybride-angriffe-so-koennen-sie-sich-wappnen-201185499.html,0,www.faz.net,Resilienz gegen Angriffe: Die Gefahr hybrider Attacken wächst – wie kann sich jeder Einzelne wappnen?,"Bisher waren es Einzelfälle, aber ein koordinierter hybrider Angriff auf die Strom- und Gasversorgung in Deutschland wird wahrscheinlicher. Was tun?",https://media0.faz.net/image/w1200h627/a779335f9c96/w6144h3210x0y443o/202609/43601.0.2496501009/angriff-auf-das-stromnetz.webp,2026-09-03T15:13:08Z,,"Bundesinnenminister Alexander Dobrindt hatte eine Warnung mitgebracht. Man gehe davon aus, dass Deutschland das Ziel weiterer hybrider Angriffe Russlands ist, sagte er, als er die Sanktionen verkünde… [+7135 chars]",,de,'Gasversorgung'
https://www.telepolis.de/article/Europas-Gasspeicher-vor-dem-Winter-nur-zu-65-Prozent-gefuellt-11440584.html,https://www.telepolis.de/article/Europas-Gasspeicher-vor-dem-Winter-nur-zu-65-Prozent-gefuellt-11440584.html,0,www.telepolis.de,Europas Gasspeicher vor dem Winter nur zu 65 Prozent gefüllt,"EU-Speicher auf 15-Jahres-Tief, LNG-Preise auf 3,5-Jahres-Hoch: Der Iran-Krieg und zögerliche Einkäufe gefährden die Energieversorgung.",https://heise.cloudimg.io/v7/_www-heise-de_/imgs/18/5/1/5/8/6/6/5/shutterstock_1660250275-7f684530eaef6827.jpg?func=bound&height=1200&org_if_sml=1&q=85&width=1200,2026-09-03T15:30:00Z,,"(Bild: Vova Shevchuk / Shutterstock.com)
EU-Speicher auf 15-Jahres-Tief, LNG-Preise auf 3,5-Jahres-Hoch: Der Iran-Krieg und zögerliche Einkäufe gefährden die Energieversorgung.
Europa geht ein hohe… [+3224 chars]",,de,'Energieversorgung'
https://www.nzz.ch/meinung/umweltfreundlich-zuverlaessig-wirtschaftlich-das-trilemma-der-energieversorgung-wurde-verschaerft-ld.10020354,https://www.nzz.ch/meinung/umweltfreundlich-zuverlaessig-wirtschaftlich-das-trilemma-der-energieversorgung-wurde-verschaerft-ld.10020354,0,www.nzz.ch,"GASTKOMMENTAR - Umweltfreundlich, zuverlässig, wirtschaftlich – das Trilemma der Energieversorgung wurde verschärft","Vor 15 Jahren beschloss der Bundesrat im Rahmen der neuen Energiestrategie den schrittweisen Ausstieg aus der Kernenergie. Das Volk stimmte 2017 zu, und die Energiepolitik wurde zur Dauerbaustelle.","https://img-msp-prod.nzz.ch/2026/08/21/953fa5df-4b8f-43da-bb40-812ce24331df.jpg?width=1200&height=675&fit=bounds&quality=75&auto=webp&crop=3664,2061,x0,y18&wmark=nzz",2026-09-04T03:25:00Z,,"Vor 15 Jahren beschloss der Bundesrat im Rahmen der neuen Energiestrategie den schrittweisen Ausstieg aus der Kernenergie. Das Volk stimmte 2017 zu, und die Energiepolitik wurde zur Dauerbaustelle.
… [+4486 chars]",,de,'Energiepolitik'
https://www.faz.net/aktuell/wirtschaft/klima-nachhaltigkeit/leo-birnbaum-was-den-gaspreis-diesen-winter-antreibt-accg-201177793.html,https://www.faz.net/aktuell/wirtschaft/klima-nachhaltigkeit/leo-birnbaum-was-den-gaspreis-diesen-winter-antreibt-accg-201177793.html,0,www.faz.net,Eon-Chef Birnbaum im Interview: „Das wird zu hohen Gaspreisen führen“,"Eon-Chef Leo Birnbaum spricht im Interview über den kommenden Winter, Sabotage im Energienetz und zehn Jahre Wartezeit auf Stromanschlüsse für Rechenzentren.",https://media0.faz.net/image/w1200h627/f48e54722fc7/w5000h2612x0y360o/202608/43601.0.2489775742/leonhard-birnbaum-59-ist-seit.webp,2026-09-04T05:13:01Z,,"Herr Birnbaum, Sie haben immer wieder davor gewarnt, dass Deutschland dabei ist, seine Industrie zu verlieren 
Ja, und anfangs wurde mir deshalb Schwarzmalerei vorgeworfen. Leider aber ist die Deind… [+10614 chars]",,de,'Wärmepumpe'
https://www.zeit.de/news/2026-09/04/spritkosten-treiben-inflation-im-august,https://www.zeit.de/news/2026-09/04/spritkosten-treiben-inflation-im-august,0,www.zeit.de,Hohe Preise: Spritkosten treiben Inflation im August,Hier finden Sie Informationen zu dem Thema „Hohe Preise“. Lesen Sie jetzt „Spritkosten treiben Inflation im August“.,https://img.zeit.de/news/2026-09/04/spritkosten-treiben-inflation-im-august-image-group/wide__1300x731,2026-09-04T09:39:06Z,,Vor allem Spritkosten haben zuletzt ordentlich angezogen und sich auch in den Geldbörsen der Menschen in Thüringen bemerkbar gemacht. Durchschnittlich erhöhten sich die Verbraucherpreise verglichen m… [+1655 chars],,de,'Inflation'
https://www.faz.net/aktuell/wirtschaft/unternehmen/adnoc-setzt-auf-lng-statt-chemie-was-plant-rainer-seele-201182525.html,https://www.faz.net/aktuell/wirtschaft/unternehmen/adnoc-setzt-auf-lng-statt-chemie-was-plant-rainer-seele-201182525.html,0,www.faz.net,Covestro-Eigentümer Adnoc: LNG statt Chemie: Adnoc will in Deutschland mehr Geld in Flüssiggas stecken,"Der arabische Staatskonzern Adnoc, Eigentümer des Kunststoffkonzerns Covestro, will in Deutschland in Flüssiggas und Infrastruktur investieren. Covestro müsse noch Hausaufgaben machen.",https://media0.faz.net/image/w1200h627/fb63a291685e/w2573h1344x0y51o/202609/43601.0.2496506711/reden-ueber-die-wirtschaft.webp,2026-09-04T13:44:38Z,,"Der arabische Ölgigant Adnoc, Eigentümer des Leverkusener Kunststoffkonzerns Covestro, hat vorerst offenbar genug von Zukäufen in der europäischen Chemieindustrie. In der Branche habe das Unternehmen… [+7712 chars]",,de,'Erneuerbare Energie'
https://www.zeit.de/news/2026-09/04/polizei-verstaerkt-kontrollen-an-energieanlagen-in-mv,https://www.zeit.de/news/2026-09/04/polizei-verstaerkt-kontrollen-an-energieanlagen-in-mv,0,www.zeit.de,Energieversorgung: Polizei verstärkt Kontrollen an Energieanlagen in MV,Hier finden Sie Informationen zu dem Thema „Energieversorgung“. Lesen Sie jetzt „Polizei verstärkt Kontrollen an Energieanlagen in MV“.,https://img.zeit.de/news/2026-09/04/polizei-verstaerkt-kontrollen-an-energieanlagen-in-mv-image-group/wide__1300x731,2026-09-04T14:15:04Z,,Nach einer Reihe von Attacken auf die Energieversorgung in Deutschland ist die Aufmerksamkeit auch der Behörden in Mecklenburg-Vorpommern sehr hoch. Polizei und Netzbetreiber hätten «im Lichte der Er… [+965 chars],,de,'Energieversorgung'
https://www.welt.de/politik/deutschland/video6a9ae5eb240b302c8a839835/fahndung-nach-sabotage-verdaechtigem-nach-aktuellem-stand-muss-man-hier-von-klimaextremismus-ausgehen-sagt-dobrindt.html,https://www.welt.de/politik/deutschland/video6a9ae5eb240b302c8a839835/fahndung-nach-sabotage-verdaechtigem-nach-aktuellem-stand-muss-man-hier-von-klimaextremismus-ausgehen-sagt-dobrindt.html,0,www.welt.de,"„Nach aktuellem Stand muss man hier von Klimaextremismus ausgehen“, sagt Dobrindt",Nach Sabotageversuchen gegen die Energieversorgung hat die Polizei Sprengstoff bei einem Tatverdächtigen in NRW gefunden. Innenminister Alexander Dobrindt und NRW-Innenminister Herbert Reul informieren über die aktuellen Entwicklungen.,https://images.welt.de/6a9ae5eb240b302c8a839835/de8175fff086e555825d6c963e6d6b5a/ci16x9-w1200/dpa-com-260904-936-80545-jpg,2026-09-04T16:29:12Z,,Die WELT als ePaper: Die vollständige Ausgabe steht Ihnen bereits am Vorabend zur Verfügung so sind Sie immer hochaktuell informiert. Weitere Informationen https://epaper.welt.de,,de,'Energieversorgung'
https://www.zeit.de/news/2026-09/04/groesserer-polizeieinsatz-mit-hubschrauber-an-stromanlage,https://www.zeit.de/news/2026-09/04/groesserer-polizeieinsatz-mit-hubschrauber-an-stromanlage,0,www.zeit.de,Energieversorgung: Größerer Polizeieinsatz mit Hubschrauber an Stromanlage,Hier finden Sie Informationen zu dem Thema „Energieversorgung“. Lesen Sie jetzt „Größerer Polizeieinsatz mit Hubschrauber an Stromanlage“.,https://img.zeit.de/news/2026-09/04/groesserer-polizeieinsatz-mit-hubschrauber-an-stromanlage-image-group/wide__1300x731,2026-09-04T19:08:14Z,,"Nach mehreren Sabotageangriffen auf das Stromnetz in Nordrhein-Westfalen ist es bei einer Stromanlage in Hamm zu einem größeren Polizeieinsatz gekommen. Wie ein dpa-Reporter berichtete, kamen am Frei… [+255 chars]",,de,'Energieversorgung'
https://www.faz.net/aktuell/rhein-main/wirtschaft/erdgas-wird-noch-teurer-was-verbraucher-jetzt-tun-sollten-accg-201183157.html,https://www.faz.net/aktuell/rhein-main/wirtschaft/erdgas-wird-noch-teurer-was-verbraucher-jetzt-tun-sollten-accg-201183157.html,0,www.faz.net,Deutlicher Preisanstieg: Gas-Kunden sollten jetzt neue Verträge schließen,"Erdgas ist so teuer wie lange nicht. Verbraucherschützer rechnen mit einer herausfordernden Heizperiode. Wer jetzt seinen Tarif prüft, kann das Schlimmste vielleicht noch abwehren.",https://media0.faz.net/image/w1200h627/77d9312533a7/w5392h2817x0y667o/202608/43601.0.2394461758/man-mag-kaum-hinschauen.webp,2026-09-05T06:15:21Z,,"Der Konflikt im Nahen Osten ist wieder aufgeflammt, damit stirbt die Hoffnung der Branche, die Straße von Hormus, der wichtigste Transportweg in der Welt für die Energiewirtschaft, könne wieder geöff… [+5363 chars]",,de,'Gaspreis'
https://www.faz.net/aktuell/rhein-main/wirtschaft/gaspreise-steigen-was-verbraucher-jetzt-tun-koennen-accg-201183157.html,https://www.faz.net/aktuell/rhein-main/wirtschaft/gaspreise-steigen-was-verbraucher-jetzt-tun-koennen-accg-201183157.html,0,www.faz.net,Deutlicher Preisanstieg: Mit diesen Schritten können Gaskunden Kosten sparen,"Erdgas ist so teuer wie lange nicht. Verbraucherschützer rechnen mit einer herausfordernden Heizperiode. Wer jetzt seinen Tarif prüft, kann sich möglicherweise noch gegen weitere Preiserhöhungen absichern.",https://media0.faz.net/image/w1200h627/77d9312533a7/w5392h2817x0y667o/202608/43601.0.2394461758/man-mag-kaum-hinschauen.webp,2026-09-05T06:15:21Z,,"Der Konflikt im Nahen Osten ist wieder aufgeflammt, damit stirbt die Hoffnung der Branche, die Straße von Hormus, der wichtigste Transportweg in der Welt für die Energiewirtschaft, könne wieder geöff… [+5367 chars]",,de,'Heizperiode'
https://www.focus.de/finanzen/news/erst-putin-jetzt-trump-experten-warnen-vor-deutschlands-neuer-gas-abhaengigkeit-unter-trump-ueber-90-prozent-us-lngg_4e691431-7808-416c-8e33-7ad7aef76ec1.html,https://www.focus.de/finanzen/news/erst-putin-jetzt-trump-experten-warnen-vor-deutschlands-neuer-gas-abhaengigkeit-unter-trump-ueber-90-prozent-us-lngg_4e691431-7808-416c-8e33-7ad7aef76ec1.html,0,www.focus.de,"Erst Putin, jetzt Trump: Experten warnen vor Deutschlands neuer Gas-Abhängigkeit unter Trump - über 90 Prozent US-LNGG","Deutschland bezieht immer mehr LNG aus den USA. Russland zeigt, welche Risiken eine neue Gas-Abhängigkeit birgt.","https://quadro.burda-forward.de/ctf/dd7f8feb-de62-4690-9c27-869aa31a775e.8b558521-6d22-4662-9aea-60c4aef550a0.jpeg?im=RegionOfInterestCrop=(1200,630),regionOfInterest=(1898,754)&hash=e2e53cb41305483c956f857dcd3bd05e98180818a00ba09d342f0ca7389e4f45",2026-09-05T06:49:00Z,,Deutschland hat Putins Gashahn mit Schmerzen überstanden doch die Geschichte der deutschen Gasabhängigkeit ist damit nicht vorbei. Vier Jahre nach dem russischen Angriff auf die Ukraine kommt ein gro… [+5927 chars],,de,'Gas Putin'
https://www.n-tv.de/wirtschaft/Europa-haengt-am-russischen-LNG-Hahn-dreht-die-Ukraine-ihn-ab-id31265765.html,https://www.n-tv.de/wirtschaft/Europa-haengt-am-russischen-LNG-Hahn-dreht-die-Ukraine-ihn-ab-id31265765.html,0,www.n-tv.de,Putins verwundbare Gasflotte: Europa hängt am russischen LNG-Hahn - dreht die Ukraine ihn ab?,Im Sommer verwandelt die Ukraine Russlands wichtigste Geldquelle in eine strategische Schwachstelle: das Ölgeschäft. Dasselbe könnte sie mit russischen LNG-Lieferungen machen. 15 Tanker halten den Export am Laufen. Sie rücken in Reichweite. Doch es gibt ein P…,https://www.n-tv.de/img/31265771/1788439979/Img_16_9/1200/387773714.jpg,2026-09-05T14:14:38Z,,"Für LNG-Lieferungen aus dem hohen Norden sind ebenso teure wie seltene Tanker der Eisklasse nötig. (Foto: picture alliance/dpa/TASS)
Im Sommer verwandelt die Ukraine Russlands wichtigste Geldquelle … [+6822 chars]",,de,'LNG'
https://www.faz.net/aktuell/rhein-main/frankfurt/infraserv-geschaeftsfuehrer-hohe-energiepreise-erschweren-wettbewerb-accg-201199520.html,https://www.faz.net/aktuell/rhein-main/frankfurt/infraserv-geschaeftsfuehrer-hohe-energiepreise-erschweren-wettbewerb-accg-201199520.html,0,www.faz.net,Chemiestandort Frankfurt: Hohe Energiepreise erschweren den Wettbewerb,Die Frankfurter FDP lädt zum Sommerempfang ins Museum. Der Gastredner sorgt sich um die Zukunft der Industrie.,https://media0.faz.net/image/w1200h627/d62d86e9ef6e/w4500h2351x0y392o/202507/43601.0.1131949511/alexander-wagner-ist-einer-der.webp,2026-09-06T14:30:45Z,,"Wer Frankfurt sagt, denkt an Banken, Börse und Finanzdienstleistungen. Doch das greift nach Worten von Alexander Wagner zu kurz. Die Industrie liefert die Grundlage für die wirtschaftliche Leistungsf… [+2559 chars]",,de,'Gas Industrie'
https://tirol.orf.at/stories/3369947/,https://tirol.orf.at/stories/3369947/,0,tirol.orf.at,Tausende Beratungsgespräche zu Energie,Die Energieagentur Tirol hat seit ihrer Gründung vor drei Jahren rund 23.000 Beratungen durchgeführt und ist eine Anlaufstelle für Bürgerinnen und Bürger in Energiefragen. Die Themen reichen von Sanierungen und Heizungsumbauten bis hin zu Photovoltaik und Ele…,https://ibs.orf.at/tir?image=https%3A%2F%2Foekastatic.orf.at%2Fmims%2F2025%2F05%2F39%2Fcrops%2Fw%3D1200%2Ch%3D627%2Cq%3D75%2F2504247_master_959039_foto-energiegemeinschaften-c-energieagentur-tirol-punkt-agency.jpg%3Fs%3Dd509ba15a9090e285af870f0054b1be2d7376af4,2026-09-06T15:37:09Z,,2023 führten die Landesregierung aus ÖVP und SPÖ die Einrichtungen Energie Tirol und Wasser Tirol zur Energieagentur Tirol zusammen. Bevor die Regierung am Montag erneut zu einer Klausur zusammenkomm… [+2523 chars],,de,'Erneuerbare Energie'
https://www.telepolis.de/article/Ankaras-Strategie-Russisches-Gas-US-Kampfjets-und-eine-Falle-fuer-Griechenland-11442578.html,https://www.telepolis.de/article/Ankaras-Strategie-Russisches-Gas-US-Kampfjets-und-eine-Falle-fuer-Griechenland-11442578.html,0,www.telepolis.de,"Ankaras Strategie: Russisches Gas, US-Kampfjets und eine Falle für Griechenland","Erdoğan trifft Putin, liefert der Ukraine Waffen und verhandelt mit Washington über F-35. Ankaras Multivektor-Strategie hat System und zeitigt Erfolge.",https://heise.cloudimg.io/v7/_www-heise-de_/imgs/18/5/1/5/9/6/7/0/quetions123_cropped-2d228ec627e43e3b.jpg?func=bound&height=1200&org_if_sml=1&q=85&width=1200,2026-09-07T06:00:00Z,,"Der russische Präsident Wladimir Putin und der türkische Präsident Recep Tayyip Erdoan bei der Einweihung von Turkstream im Jahr 2018 in Istanbul.
(Bild: quetions123, shutterstock)
Erdoan trifft Pu… [+5889 chars]",,de,'Gas Putin'
https://www.morgenpost.de/wirtschaft/article413083262/heizoelpreise-aktuell-7-september-preis-heizoel-heizung-liter-heute-kaufen.html,https://www.morgenpost.de/wirtschaft/article413083262/heizoelpreise-aktuell-7-september-preis-heizoel-heizung-liter-heute-kaufen.html,0,www.morgenpost.de,Heizölpreise aktuell: Was ein Liter heute (7. September) kostet,Bei den Heizölpreisen ging es zuletzt deutlich nach oben. Setzt sich dieser Trend heute (4. September) fort? Der aktuelle Überblick.,https://img.sparknews.funkemedien.de/406858449/406858449_1728458201_v16_9_1600.jpeg,2026-09-07T08:27:11Z,,"Die nächste Heizperiode rückt näher die Tage werden spürbar kürzer, die Blätter fallen von den Bäumen, und nachts sinken die Temperaturen immer tiefer. Wer jetzt überlegt, seine Heizölvorräte aufzufü… [+8824 chars]",,de,'Heizöl'
https://www.faz.net/aktuell/wirtschaft/auto-verkehr/ein-milliardengeschaeft-griechenland-und-die-russische-schattenflotte-accg-201198539.html,https://www.faz.net/aktuell/wirtschaft/auto-verkehr/ein-milliardengeschaeft-griechenland-und-die-russische-schattenflotte-accg-201198539.html,0,www.faz.net,Sanktionspolitik: Wie Griechenland die russische Schattenflotte füttert,Griechische Reeder stellen die größte Rohöl-Tankerflotte der Welt. Ihre ausrangierten Schiffe überlassen sie russischen Abnehmern gegen gutes Geld. Makler in Dubai organisieren die Transaktionen. Athen schützt die Branche.,https://media0.faz.net/image/w1200h627/6d7a74e0420c/w5455h2850x297y109o/202603/43601.0.1877845793/festgesetzt-wegen-gefaelschter.webp,2026-09-07T09:57:49Z,,"Wenn die Bundesregierung wie angekündigt mit ihren Partnerländern schärfer gegen die russische Schattenflotte vorgehen will, dann müsste sie das Problem auch an der Wurzel anpacken dort, wo alte Tank… [+8008 chars]",,de,'Schattenflotte'
https://www.zeit.de/news/2026-09/07/bauforscher-klimaneutrale-gasheizungen-nicht-machbar,https://www.zeit.de/news/2026-09/07/bauforscher-klimaneutrale-gasheizungen-nicht-machbar,0,www.zeit.de,Vor Start der Nordbau: Bauforscher: Klimaneutrale Gasheizungen «nicht machbar»,Hier finden Sie Informationen zu dem Thema „Vor Start der Nordbau“. Lesen Sie jetzt „Bauforscher: Klimaneutrale Gasheizungen «nicht machbar»“.,https://img.zeit.de/news/2026-09/07/bauforscher-klimaneutrale-gasheizungen-nicht-machbar-image-group/wide__1300x731,2026-09-07T11:26:57Z,,"Der Leiter des Bauforschungsinstituts Arge, Dietmar Walberg, hat das im Juli von der Bundesregierung beschlossene Gebäudemodernisierungsgesetz scharf kritisiert. «Wenn man etwas technologieoffen besc… [+2626 chars]",,de,'Gas Industrie'
https://www.golem.de/sonstiges/zustimmung/auswahl.html?from=https://www.golem.de/news/anzeige-anker-maggo-3-in-1-ladestation-zum-amazon-bestpreis-2609-212729.html&referer=https://t.co/49e7ea1b3d,https://www.golem.de/sonstiges/zustimmung/auswahl.html?from=https://www.golem.de/news/anzeige-anker-maggo-3-in-1-ladestation-zum-amazon-bestpreis-2609-212729.html&referer=https://t.co/49e7ea1b3d,0,www.golem.de,Anzeige: Anker MagGo 3-in-1 Ladestation zum Amazon-Bestpreis,"Das faltbare Anker MagGo Reise-Ladepad bündelt die Energieversorgung für Smartphone, Smartwatch und Kopfhörer in einem Gerät. Die Station ist nun stark reduziert erhältlich. (Technik/Hardware)",,2026-09-07T12:30:02Z,,"Besuchen Sie Golem.de wie gewohnt mit Werbung und Tracking,
 indem Sie der Nutzung aller Cookies zustimmen.
 Details zum Tracking finden Sie im Privacy Center.
Skript wurde nicht geladen. Informat… [+607 chars]",,de,'Energieversorgung'
https://orf.at/stories/3441497/,https://orf.at/stories/3441497/,0,orf.at,AKW Saporischschja: Stromzufuhr wiederhergestellt,,https://orf.at/mojo/1_4_1/storyserver//news/common/images/og-fallback-news.png,2026-09-07T19:37:49Z,,Die dringend benötigte Stromzufuhr für das frontnahe ukrainische Kernkraftwerk Saporischschja ist nach fast drei Wochen wiederhergestellt worden. Während einer begrenzten Feuerpause konnte eine besch… [+991 chars],,de,'Blackout'
https://www.zeit.de/news/2026-09/08/verband-komplett-leere-gasspeicher-im-februar-sind-moeglich,https://www.zeit.de/news/2026-09/08/verband-komplett-leere-gasspeicher-im-februar-sind-moeglich,0,www.zeit.de,Energieversorgung: Verband: Komplett leere Gasspeicher im Februar sind möglich,Hier finden Sie Informationen zu dem Thema „Energieversorgung“. Lesen Sie jetzt „Verband: Komplett leere Gasspeicher im Februar sind möglich“.,https://img.zeit.de/news/2026-09/08/verband-komplett-leere-gasspeicher-im-februar-sind-moeglich-image-group/wide__1300x731,2026-09-08T04:00:05Z,,"Deutschlands Gasspeicher könnten einer Branchenschätzung zufolge Anfang Februar vollständig leer sein, sollte der Winter sehr kalt werden. Das geht aus einem Papier des Gasspeicher-Verbandes Ines her… [+3000 chars]",,de,'Energieversorgung'
https://www.tagesspiegel.de/wirtschaft/dpa-energieversorgung-16028927.html,https://www.tagesspiegel.de/wirtschaft/dpa-energieversorgung-16028927.html,0,www.tagesspiegel.de,Energieversorgung: Verband: Komplett leere Gasspeicher im Februar sind möglich,"Der Herbst steht vor der Tür, die Heizsaison beginnt bald. Wird das Gas reichen für den Winter? Die Gasspeicher sind mäßig gefüllt. Doch es gibt ja noch andere Bezugsquellen.",https://www.tagesspiegel.de/images/16028926/alternates/BASE_16_9_W1400/1788840074000/gasspeicher.jpeg,2026-09-08T04:01:14Z,,"Deutschlands Gasspeicher könnten einer Branchenschätzung zufolge Anfang Februar vollständig leer sein, sollte der Winter sehr kalt werden. Das geht aus einem Papier des Gasspeicher-Verbandes Ines her… [+3056 chars]",,de,'Energieversorgung'
https://www.morgenpost.de/wirtschaft/article413083262/heizoelpreise-aktuell-8-september-preis-heizoel-heizung-liter-heute-kaufen.html,https://www.morgenpost.de/wirtschaft/article413083262/heizoelpreise-aktuell-8-september-preis-heizoel-heizung-liter-heute-kaufen.html,0,www.morgenpost.de,Heizölpreise aktuell: Was ein Liter heute (8. September) kostet,Bei den Heizölpreisen ging es zuletzt deutlich nach oben. Setzt sich dieser Trend heute (4. September) fort? Der aktuelle Überblick.,https://img.sparknews.funkemedien.de/406781589/406781589_1720770938_v16_9_1600.jpeg,2026-09-08T05:16:18Z,,"Die nächste Heizperiode rückt näher die Tage werden spürbar kürzer, die Blätter fallen von den Bäumen, und nachts sinken die Temperaturen immer tiefer. Wer jetzt überlegt, seine Heizölvorräte aufzufü… [+8873 chars]",,de,'Heizöl'
https://www.zeit.de/wirtschaft/2026-09/gasspeicher-deutschland-winter-leer-initiative-energien-speichern,https://www.zeit.de/wirtschaft/2026-09/gasspeicher-deutschland-winter-leer-initiative-energien-speichern,0,www.zeit.de,Gasspeicher in Deutschland: Deutschlands Gasspeicher könnten laut Verband im Februar leer sein,"Sind die Gasspeicher im November nur zu drei Viertel gefüllt, reichen diese Vorräte nicht, wenn der Winter kalt wird. Deutschland kann aber über andere Wege Gas bekommen.",https://img.zeit.de/wirtschaft/2026-09/gasspeicher-deutschland-winter-leer-initiative-energien-speichern-foto-1/wide__1300x731,2026-09-08T05:22:45Z,,"Deutschlands Gasspeicher könnten Anfang Februar vollständig leer sein, sollte der Winter sehr kalt werden. Das geht aus einem Papier des Gasspeicher-Verbandes Ines hervor, das mehrere Szenarien durch… [+978 chars]",,de,'Winter Gas'
https://www.focus.de/immobilien/kaufen/wohnungskaeufer-zahlen-tausende-extra-fuers-energiesparen_6501c3c9-b302-4013-a521-babbb6ba3f10.html,https://www.focus.de/immobilien/kaufen/wohnungskaeufer-zahlen-tausende-extra-fuers-energiesparen_6501c3c9-b302-4013-a521-babbb6ba3f10.html,0,www.focus.de,Energiepass: Wohnungskäufer zahlen Tausende extra fürs Energiesparen,"Wo Energieeffizienz beim Wohnungskauf am teuersten ist: In Miesbach, Garmisch-Partenkirchen und Emden sind die Aufpreise besonders hoch.","https://quadro.burda-forward.de/ctf/e84a8806-9c60-43f9-8c59-1b30cae93730.8039f06b-5012-4c6f-8fcc-f347cf85a9ad.jpeg?im=RegionOfInterestCrop=(1200,630),regionOfInterest=(1936,1296)&hash=e2e2bd9962be8f9f1df027b319b449d56a883e920cc6abcbd67a301ffc9a9b47",2026-09-08T06:04:00Z,,"Wer ein gut gedämmtes Haus kauft, spart später Heizkosten. Doch Häuser mit den Energieeffizienzklassen A, B, C und D sind auch deutlich teurer als ihre Pendants mit den schlechteren Klassen E, F, G u… [+3385 chars]",,de,'Energiesparen'
https://www.zeit.de/news/2026-09/08/sabotage-am-stromnetz-suche-nach-verdaechtigem-dauert-an,https://www.zeit.de/news/2026-09/08/sabotage-am-stromnetz-suche-nach-verdaechtigem-dauert-an,0,www.zeit.de,Angriffe auf Energieversorgung: Sabotage am Stromnetz: Suche nach Verdächtigem dauert an,Hier finden Sie Informationen zu dem Thema „Angriffe auf Energieversorgung“. Lesen Sie jetzt „Sabotage am Stromnetz: Suche nach Verdächtigem dauert an“.,https://img.zeit.de/news/2026-09/08/sabotage-am-stromnetz-suche-nach-verdaechtigem-dauert-an-image-group/wide__1300x731,2026-09-08T06:19:24Z,,"Nach dem Fund mehrerer Sprengvorrichtungen in der Nähe von Hochspannungsleitungen an einem Kraftwerk bei Aachen dauern die Ermittlungen an. Die Suche nach einem 48-Jährigen aus Gevelsberg, der mehrer… [+2398 chars]",,de,'Energieversorgung'
https://www.sueddeutsche.de/wirtschaft/erdgasspeicher-deutschland-winterengpass-li.3544149,https://www.sueddeutsche.de/wirtschaft/erdgasspeicher-deutschland-winterengpass-li.3544149,0,www.sueddeutsche.de,Energieversorgung: Verband: Gas könnte im Winter knapp werden,"Bald beginnt die Heizsaison. Doch die Gasspeicher sind nur mäßig gefüllt. Der Gasspeicher-Verband INES warnt vor möglichen Engpässen, verfolgt aber auch eigene Interessen.",https://www.sueddeutsche.de/2026/09/08/07b36111-0a65-4a74-8140-5c5a671076f0.jpg?q=60&fm=webp&width=1200&rect=0%2C206%2C4000%2C2250,2026-09-08T06:46:31Z,,Den Szenarien des Verbandes zufolge kann technisch bis zum 1. November noch ein Füllstand von rund 77 Prozent erreicht werden. Dafür müsste sich das Befüllungstempo jedoch erheblich erhöhen. In den v… [+1590 chars],,de,'Winter Gas'
https://www.tagesspiegel.de/politik/nach-sabotageversuch-an-stromversorgung-polizei-findet-weiteres-bekennerschreiben-bei-weisweiler-16029228.html,https://www.tagesspiegel.de/politik/nach-sabotageversuch-an-stromversorgung-polizei-findet-weiteres-bekennerschreiben-bei-weisweiler-16029228.html,0,www.tagesspiegel.de,Nach Sabotageversuch an Stromversorgung: Polizei findet weiteres Bekennerschreiben bei Weisweiler,"Vergangene Woche waren Sprengvorrichtungen an Leitungen nahe des Kraftwerks Weisweiler in NRW aufgetaucht. Nach einem Tatverdächtigen fahndet die Polizei bereits, nun gibt es ein weiteres Bekennerschreiben.",https://www.tagesspiegel.de/images/16021188/alternates/BASE_16_9_W1400/1788852026000/polizeieinsatz-am-kraftwerk-weisweiler.jpeg,2026-09-08T07:26:28Z,,Nach dem Fund von selbstgebauten Sprengvorrichtungen an Hochspannungsleitungen nahe des Kraftwerks Weisweiler in Nordrhein-Westfalen hat die Polizei ein weiteres Bekennerschreiben gefunden. Details d… [+1622 chars],,de,'Stromversorgung'
https://www.zeit.de/news/2026-09/08/sabotage-am-stromnetz-polizei-findet-bekennerschreiben,https://www.zeit.de/news/2026-09/08/sabotage-am-stromnetz-polizei-findet-bekennerschreiben,0,www.zeit.de,Angriffe auf Energieversorgung: Sabotage am Stromnetz: Polizei findet Bekennerschreiben,Hier finden Sie Informationen zu dem Thema „Angriffe auf Energieversorgung“. Lesen Sie jetzt „Sabotage am Stromnetz: Polizei findet Bekennerschreiben“.,https://img.zeit.de/news/2026-09/08/sabotage-am-stromnetz-polizei-findet-bekennerschreiben-image-group/wide__1300x731,2026-09-08T07:53:47Z,,Nach dem Fund mehrerer Sprengvorrichtungen in der Nähe von Hochspannungsleitungen an einem Kraftwerk bei Aachen hat die Polizei ein weiteres Bekennerschreiben gefunden. Der Inhalt könne aus taktische… [+2636 chars],,de,'Energieversorgung'
https://www.n-tv.de/wirtschaft/Fuellstand-der-Gasspeicher-erreicht-historisches-Tief-id31281026.html,https://www.n-tv.de/wirtschaft/Fuellstand-der-Gasspeicher-erreicht-historisches-Tief-id31281026.html,0,www.n-tv.de,"""Zu wenig für extreme Kälte"": Füllstand der Gasspeicher erreicht historisches Tief",Der Iran-Krieg und eine ungünstige Preisentwicklung auf dem Gasmarkt wirken sich auf die Energieversorgung in Deutschland aus. Derzeit sind die Gasspeicher nur zu gut der Hälfte gefüllt. Das Bundeswirtschaftsministerium will nichts unternehmen - trotz Füllsta…,https://www.n-tv.de/img/31281105/1788857403/Img_16_9/1200/image.jpg,2026-09-08T08:14:51Z,,"Ines zufolge ist die Auffüllung der Gasspeicher auf rund 77 Prozent technisch zwar noch möglich, aber eine Herausforderung. (Foto: dpa)
Der Iran-Krieg und eine ungünstige Preisentwicklung auf dem Ga… [+3119 chars]",,de,'Füllstand Gasspeicher'
https://www.telepolis.de/article/Gasspeicher-nur-halb-voll-INES-warnt-vor-Engpaessen-im-kalten-Winter-11444802.html,https://www.telepolis.de/article/Gasspeicher-nur-halb-voll-INES-warnt-vor-Engpaessen-im-kalten-Winter-11444802.html,0,www.telepolis.de,Gasspeicher nur halb voll: INES warnt vor Engpässen im kalten Winter,Deutschlands Gasspeicher sind Anfang September nur zu 54 Prozent gefüllt – ein historischer Tiefstand. Bei extremer Kälte drohen laut Verband Versorgungslücken.,https://heise.cloudimg.io/v7/_www-heise-de_/imgs/18/5/1/6/0/8/0/3/euro-heizung_ho-ddc6947a94c8815d.jpg?func=bound&height=1200&org_if_sml=1&q=85&width=1200,2026-09-08T08:30:00Z,,"Die Füllstände der deutschen Gasspeicher sind besorgniserregend niedrig, was Heizen teurer machen dürfte.
Deutschlands Gasspeicher sind Anfang September nur zu 54 Prozent gefüllt ein historischer Ti… [+4703 chars]",,de,'Gasmarkt'
https://www.diepresse.com/41242879/historisch-niedriger-fuellstand-deutsche-gasspeicher-betreiber-warnen,https://www.diepresse.com/41242879/historisch-niedriger-fuellstand-deutsche-gasspeicher-betreiber-warnen,0,www.diepresse.com,„Historisch niedriger Füllstand“: Deutsche Gasspeicher-Betreiber warnen vor geringen Winterreserven,In Österreich sind die Gasspeicher laut dem Gasnetz-Verwalter AGGM aktuell zu 67 Prozent gefüllt.,https://img.diepresse.com/public/incoming/b5d4w3-22730394791696086bldhiresjpg/alternates/WEBP_WIDE_1200/22730394791696086_BLD_HiRes.jpg,2026-09-08T08:36:13Z,,"Die Presse auf Google als bevorzugte Nachrichtenquelle hinzufügen.
 Die Betreiber von Gasspeichern in Deutschland haben vor einem sich schließenden Zeitfenster für die Befüllung ihrer Anlagen gewarn… [+2172 chars]",,de,'Winter Gas'
https://www.zeit.de/politik/deutschland/2026-09/gasversorgung-winter-gasspeicher-fuellstand-katherina-reiche-cdu-ines-gxe,https://www.zeit.de/politik/deutschland/2026-09/gasversorgung-winter-gasspeicher-fuellstand-katherina-reiche-cdu-ines-gxe,0,www.zeit.de,Gasspeicher: Haßelmann beschuldigt Ministerin Reiche der mangelnden Gasvorsorge,Die Grüne Britta Haßelmann wirft Bundeswirtschaftsministerin Katherina Reiche schwere Versäumnisse bei der Gasvorsorge vor. Im kommenden Winter drohe »eine Mangellage«.,https://img.zeit.de/politik/deutschland/2026-09/gasversorgung-winter-gasspeicher-fuellstand-katherina-reiche-cdu-ines-foto-1/wide__1300x731,2026-09-08T09:49:52Z,,Grünen-Co-Fraktionschefin Britta Haßelmann hat Bundeswirtschaftsministerin Katherina Reiche (CDU) schwere Versäumnisse bei der Vorsorge für die Gasversorgung im kommenden Winter vorgeworfen. »Die Gas… [+1529 chars],,de,'Gasspeicher'
https://www.tagesspiegel.de/berlin/dpa-angriffe-auf-energieversorgung-16030504.html,https://www.tagesspiegel.de/berlin/dpa-angriffe-auf-energieversorgung-16030504.html,0,www.tagesspiegel.de,Angriffe auf Energieversorgung: Stromnetz-Sabotage: Schuster warnt vor Motiv-Spekulationen,"Nach tagelanger Fahndung hat die Polizei den 48-Jährigen festgenommen, der hinter den Angriffen auf das Stromnetz stehen soll. Vieles ist laut Sachsens Innenminister aber noch unklar.",https://www.tagesspiegel.de/images/16030503/alternates/BASE_16_9_W1400/1788869097000/armin-schuster.jpeg,2026-09-08T12:04:56Z,,Sachsens Innenminister Armin Schuster hat nach der Festnahme eines 48-Jährigen nach den Sabotage-Angriffen auf das Stromnetz vor vorschnellen Schlüssen über die Tathintergründe gewarnt. Der Fall ist … [+1337 chars],,de,'Energieversorgung'
https://www.sueddeutsche.de/wirtschaft/gasspeicher-gaspreise-speicherstaende-deutschland-winterbeginn-li.3544202,https://www.sueddeutsche.de/wirtschaft/gasspeicher-gaspreise-speicherstaende-deutschland-winterbeginn-li.3544202,0,www.sueddeutsche.de,"Gasversorgung: Leere Speicher, volles Risiko","Drei Wochen vor Beginn der Heizperiode ist der Füllstand der Gasspeicher immer noch niedrig. Die Branche warnt, das Ministerium mahnt zur Ruhe. Kann das gutgehen?",https://www.sueddeutsche.de/2026/02/02/f5ff9979-cbdb-4e9e-b6b1-19f81696bdc8.jpg?q=60&fm=webp&width=1200&rect=0%2C208%2C4000%2C2250,2026-09-08T12:22:08Z,,"Seit Wochen spiegelt sich diese Marktlage auch in den deutschen Gasspeichern. Drei Wochen vor Beginn der Heizperiode, die formal am 1. Oktober beginnt, sind sie gerade mal zu 55 Prozent gefüllt. Auch… [+4109 chars]",,de,'Füllstand Gasspeicher'
https://www.zeit.de/news/2026-09/08/mutmasslicher-strom-saboteur-gefasst-was-wir-wissen,https://www.zeit.de/news/2026-09/08/mutmasslicher-strom-saboteur-gefasst-was-wir-wissen,0,www.zeit.de,Angriffe auf Energieversorgung: Mutmaßlicher Strom-Saboteur gefasst - was wir wissen,Hier finden Sie Informationen zu dem Thema „Angriffe auf Energieversorgung“. Lesen Sie jetzt „Mutmaßlicher Strom-Saboteur gefasst - was wir wissen“.,https://img.zeit.de/news/2026-09/08/mutmasslicher-strom-saboteur-gefasst-was-wir-wissen-image-group/wide__1300x731,2026-09-08T12:29:31Z,,"Seit Tagen wurde er gesucht, nun hat die Polizei den 48-Jährigen gefasst, der für mehrere Attacken auf die deutsche Energieversorgung verantwortlich sein soll. In den letzten Tagen hatten sich die Er… [+4413 chars]",,de,'Energieversorgung'
https://www.tagesspiegel.de/berlin/dpa-angriffe-auf-energieversorgung-16030674.html,https://www.tagesspiegel.de/berlin/dpa-angriffe-auf-energieversorgung-16030674.html,0,www.tagesspiegel.de,Angriffe auf Energieversorgung: Mutmaßlicher Strom-Saboteur gefasst - was wir wissen,"Bekennerbriefe, selbstgebaute Raketen und ein Zelt mit Sprengladungen: Wie die Ermittler dem mutmaßlichen Strom-Saboteur auf die Spur kamen und was sie bei seiner Festnahme entdeckten.",https://www.tagesspiegel.de/images/16030673/alternates/BASE_16_9_W1400/1788870634000/nach-angriff-auf-stromnetz-in-nrw.jpeg,2026-09-08T12:30:33Z,,"Seit Tagen wurde er gesucht, nun hat die Polizei den 48-Jährigen gefasst, der für mehrere Attacken auf die deutsche Energieversorgung verantwortlich sein soll. In den letzten Tagen hatten sich die Er… [+4084 chars]",,de,'Energieversorgung'
https://www.faz.net/aktuell/finanzen/finanzmarkt/ezb-sitzung-kommt-jetzt-die-naechste-zinserhoehung-201201704.html,https://www.faz.net/aktuell/finanzen/finanzmarkt/ezb-sitzung-kommt-jetzt-die-naechste-zinserhoehung-201201704.html,0,www.faz.net,Vor der EZB-Sitzung: Gleichen die Zinsen bald wieder stärker die Inflation aus?,Am Donnerstag entscheidet die EZB über den weiteren Kurs. Sie dürfte ihre Inflationsprognosen und die Zinsen anheben. Auch für die Sparzinsen könnte der Zinsanstieg nach Einschätzung von Fachleuten weitergehen.,https://media0.faz.net/image/w1200h627/b01a1ff6cb38/w6144h3210x0y443o/202609/43601.0.2503226007/ezb-zentrale-die-naechste.webp,2026-09-08T12:38:16Z,,In der dieser Woche trifft sich der Rat der Europäischen Zentralbank (EZB) zur Zinssitzung ausnahmsweise in Berlin. Auf dem Plan steht dort auch ein Zusammentreffen mit Bundeskanzler Friedrich Merz (… [+412 chars],,de,'Inflation'
https://www.focus.de/politik/deutschland/staatsschutz-entwirft-notfallszenarien-fuer-afd-minister_6d79c9b9-3ed2-4e10-94b7-180718fa84dc.html,https://www.focus.de/politik/deutschland/staatsschutz-entwirft-notfallszenarien-fuer-afd-minister_6d79c9b9-3ed2-4e10-94b7-180718fa84dc.html,0,www.focus.de,Staatsschutz entwirft Notfallszenarien für AfD-Minister,Mit der AfD könnte in Sachsen-Anhalt erstmals in der bundesdeutschen Geschichte eine rechtsextreme Partei an die Macht kommen. Experten warnen für diesen Fall vor weitreichenden Folgen für die Innere Sicherheit.,"https://quadro.burda-forward.de/ctf/1cbf44b3-026a-4fde-b7d0-f8e5cd03a888.26fee35b-c9f3-4cbe-b8b4-f063370dbb6c.jpeg?im=RegionOfInterestCrop=(1200,630),regionOfInterest=(847,607)&hash=f3dcee7eaf3c405e79f6ab081ee4c003acf7bc8acd9b8f01c77619ce30f06e0e",2026-09-08T13:12:00Z,,"Für den Fall einer Regierungsbildung werden in der Politik und bei Verfassungsschützern Szenarien entworfen, wie die AfD künftig vom Austausch brisanter Informationen abgekoppelt werden könnte. Unter… [+6861 chars]",,de,'Notfallszenarien'
https://www.tagesspiegel.de/berlin/dpa-angriffe-auf-energieversorgung-16030932.html,https://www.tagesspiegel.de/berlin/dpa-angriffe-auf-energieversorgung-16030932.html,0,www.tagesspiegel.de,Angriffe auf Energieversorgung: Minister nach Strom-Attacken: Fehlgeleiteter Einzeltäter,"Ein Mann aus Nordrhein-Westfalen soll mit selbstgebauten Raketen die Energieversorgung in Brandenburg, Sachsen und NRW angegriffen haben. Was sagt Brandenburgs Innenminister nach der Festnahme?",https://www.tagesspiegel.de/images/16030931/alternates/BASE_16_9_W1400/1788873859000/brandenburgs-innenminister-redmann.jpeg,2026-09-08T13:24:19Z,,Nach der Festnahme des Tatverdächtigen einer Serie von Attacken auf das Stromnetz in drei Ländern hat Brandenburgs Innenminister Jan Redmann umfassende Konsequenzen angekündigt. Er sprach zudem von e… [+1797 chars],,de,'Energieversorgung'
https://www.tagesspiegel.de/potsdam/brandenburg/dpa-angriffe-auf-energieversorgung-16030932.html,https://www.tagesspiegel.de/potsdam/brandenburg/dpa-angriffe-auf-energieversorgung-16030932.html,0,www.tagesspiegel.de,Mutmaßlicher Strom-Saboteur festgenommen: Brandenburgs Innenminister nennt Verdächtigen „fehlgeleiteten Einzeltäter“,"Ein Mann aus Nordrhein-Westfalen soll mit selbstgebauten Raketen die Energieversorgung in Brandenburg, Sachsen und NRW angegriffen haben. Was sagt Brandenburgs Innenminister nach der Festnahme?",https://www.tagesspiegel.de/images/16031021/alternates/BASE_16_9_W1400/1788874773000/hochstspannungsleitungen.jpeg,2026-09-08T13:24:19Z,,Nach der Festnahme des Tatverdächtigen einer Serie von Attacken auf das Stromnetz in drei Ländern hat Brandenburgs Innenminister Jan Redmann umfassende Konsequenzen angekündigt. Er sprach zudem von e… [+2230 chars],,de,'Energieversorgung'
https://www.zeit.de/news/2026-09/08/schuster-sabotage-haette-regionalen-blackout-ausloesen-koennen,https://www.zeit.de/news/2026-09/08/schuster-sabotage-haette-regionalen-blackout-ausloesen-koennen,0,www.zeit.de,Angriffe auf Energieversorgung: Schuster: Sabotage hätte regionalen Blackout auslösen können,Hier finden Sie Informationen zu dem Thema „Angriffe auf Energieversorgung“. Lesen Sie jetzt „Schuster: Sabotage hätte regionalen Blackout auslösen können“.,https://img.zeit.de/news/2026-09/08/schuster-sabotage-haette-regionalen-blackout-ausloesen-koennen-image-group/wide__1300x731,2026-09-08T13:40:23Z,,"Die an Hochspannungsleitungen in Sachsen gefunden Sprengvorrichtungen hätten laut Innenminister Armin Schuster zu regionalen Stromausfällen führen können. Wenn der Täter erfolgreich gewesen wäre, hät… [+1399 chars]",,de,'Energieversorgung'
https://www.zeit.de/news/2026-09/08/polizei-weitere-ermittlungen-sollen-mittaeter-ausschliessen,https://www.zeit.de/news/2026-09/08/polizei-weitere-ermittlungen-sollen-mittaeter-ausschliessen,0,www.zeit.de,Angriffe auf Energieversorgung: Polizei: Weitere Ermittlungen sollen Mittäter ausschließen,Hier finden Sie Informationen zu dem Thema „Angriffe auf Energieversorgung“. Lesen Sie jetzt „Polizei: Weitere Ermittlungen sollen Mittäter ausschließen“.,https://img.zeit.de/news/2026-09/08/polizei-weitere-ermittlungen-sollen-mittaeter-ausschliessen-image-group/wide__1300x731,2026-09-08T14:55:04Z,,"Die Polizei setzt nach der Festnahme eines Tatverdächtigen wegen Attacken auf die Stromversorgung in drei Bundesländern ihre Ermittlungen fort. «Derzeit liegen uns keine Hinweise darauf vor, dass es … [+979 chars]",,de,'Energieversorgung'
https://www.tagesspiegel.de/berlin/dpa-angriffe-auf-energieversorgung-16031526.html,https://www.tagesspiegel.de/berlin/dpa-angriffe-auf-energieversorgung-16031526.html,0,www.tagesspiegel.de,Angriffe auf Energieversorgung: Polizei: Weitere Ermittlungen sollen Mittäter ausschließen,Nach mehreren Sabotage-Angriffen auf das Stromnetz in drei Bundesländern wird ein Tatverdächtiger festgenommen. Gibt es Hinweise auf weitere Täter?,https://www.tagesspiegel.de/images/16031525/alternates/BASE_16_9_W1400/1788879372000/nach-angriff-auf-stromnetz-in-sudbrandenburg.jpeg,2026-09-08T14:56:12Z,,"Die Polizei setzt nach der Festnahme eines Tatverdächtigen wegen Attacken auf die Stromversorgung in drei Bundesländern ihre Ermittlungen fort. Derzeit liegen uns keine Hinweise darauf vor, dass es h… [+1030 chars]",,de,'Energieversorgung'
https://www.politico.eu/podcast/berlin-playbook-podcast/security-update-russlands-schattenflotte-in-der-ostsee-mit-christian-molling/,https://www.politico.eu/podcast/berlin-playbook-podcast/security-update-russlands-schattenflotte-in-der-ostsee-mit-christian-molling/,0,www.politico.eu,Security-Update: Russlands Schattenflotte in der Ostsee – mit Christian Mölling,"Die russische Schattenflotte fährt seit Jahren durch die Ostsee, dicht vor der deutschen Küste und trotz aller Ankündigungen tut sich beim Vorgehen dagegen wenig. Nach dem Drohnenzwischenfall von Leipzig hat die Bundesregierung Härte gegen Russland angekündig…","https://www.politico.eu/cdn-cgi/image/width=1200,height=630,fit=crop,quality=80,onerror=redirect/wp-content/uploads/2026/02/17/Berlin-Playbook-podca-1920x1080-px-Max-Quality.jpg",2026-09-08T15:09:21Z,,"Die russische Schattenflotte fährt seit Jahren durch die Ostsee, dicht vor der deutschen Küste und trotz aller Ankündigungen tut sich beim Vorgehen dagegen wenig.
Nach dem Drohnenzwischenfall von Le… [+1298 chars]",,de,'Schattenflotte'
https://www.faz.net/aktuell/wirtschaft/klima-nachhaltigkeit/gasspeicher-in-deutschland-droht-ein-kalter-winter-201201819.html,https://www.faz.net/aktuell/wirtschaft/klima-nachhaltigkeit/gasspeicher-in-deutschland-droht-ein-kalter-winter-201201819.html,0,www.faz.net,"Gasversorgung: Wehe, wenn der Winter kalt wird",Das deutsche Füllstandsziel kann aus technischen Gründen nicht mehr erreicht werden. Wie es in anderen Ländern aussieht und was das für die kalte Jahreszeit bedeutet.,https://media0.faz.net/image/w1200h627/de201e68dcc5/w5000h2612x0y205o/202609/43601.0.2526625494/auch-die-gasspeicher-in-den.webp,2026-09-08T15:09:35Z,,"Gasspeicher kann man sich vorstellen wie große Luftballons: Man kann Gas hineinpusten, aber nur in einer bestimmten Geschwindigkeit. Fängt man nicht früh genug damit an oder pustet nicht kräftig genu… [+7235 chars]",,de,'Winter Gas'
https://www.zeit.de/news/2026-09/08/stromnetz-sabotage-der-wollte-weitermachen,https://www.zeit.de/news/2026-09/08/stromnetz-sabotage-der-wollte-weitermachen,0,www.zeit.de,Angriffe auf Energieversorgung: Stromnetz-Sabotage: «Der wollte weitermachen»,Hier finden Sie Informationen zu dem Thema „Angriffe auf Energieversorgung“. Lesen Sie jetzt „Stromnetz-Sabotage: «Der wollte weitermachen»“.,https://img.zeit.de/news/2026-09/08/stromnetz-sabotage-der-wollte-weitermachen-image-group/wide__1300x731,2026-09-08T15:27:13Z,,Der festgenommene mutmaßliche Stromnetz-Saboteur hat nach Angaben von Nordrhein-Westfalens Innenminister Herbert Reul (CDU) seine Angriffe fortsetzen wollen. «Der war immer noch unterwegs und wollte … [+1294 chars],,de,'Energieversorgung'
https://www.tagesspiegel.de/berlin/dpa-angriffe-auf-energieversorgung-16031691.html,https://www.tagesspiegel.de/berlin/dpa-angriffe-auf-energieversorgung-16031691.html,0,www.tagesspiegel.de,Angriffe auf Energieversorgung: Stromnetz-Sabotage: „Der wollte weitermachen“,Nach Sabotage-Angriffen auf das Stromnetz in mehreren Bundesländern nimmt die Polizei einen 48-Jährigen fest. Laut NRW-Innenminister Reul wollte er weitere Angriffe verüben. Wie er gefunden wurde.,https://www.tagesspiegel.de/images/16031690/alternates/BASE_16_9_W1400/1788881301000/festnahme-im-zusammenhang-mit-sabotage-am-stromnetz.jpeg,2026-09-08T15:28:20Z,,Der festgenommene mutmaßliche Stromnetz-Saboteur hat nach Angaben von Nordrhein-Westfalens Innenminister Herbert Reul (CDU) seine Angriffe fortsetzen wollen. Der war immer noch unterwegs und wollte w… [+1342 chars],,de,'Energieversorgung'
https://www.bild.de/regional/brandenburg/fehler-des-strom-terroristen-nur-morgentau-verhinderte-mega-blackout-6a9e731e721eb476650a20fc,https://www.bild.de/regional/brandenburg/fehler-des-strom-terroristen-nur-morgentau-verhinderte-mega-blackout-6a9e731e721eb476650a20fc,0,www.bild.de,Fehler des Strom-Terroristen - Nur der Morgentau verhinderte den Mega-Blackout,"Der Klima-Kriminelle hatte alles penibel geplant, wollte Deutschland in einen Mega-Blackout stürzen. Doch ein Detail hatte er scheinbar nicht bedacht.","https://images.bild.de/6a9e731e721eb476650a20fc/090c39ac37a22b20d93cb97ec9d06ee4,a97385f6?w=1280",2026-09-08T15:29:45Z,,Mit selbstgebauten Raketen wollte der Klima-Kriminelle Daniel Viehmann (48) das deutsche Stromnetz treffen und einen Mega-Blackout auslösen. In einem Bekennerschreiben brüstet er sich mit Details. Pe… [+379 chars],,de,'Blackout'
https://www.n-tv.de/wirtschaft/Reiche-stuft-Gasversorgung-trotz-geringerer-Fuellstaende-als-sicher-ein-id31284569.html,https://www.n-tv.de/wirtschaft/Reiche-stuft-Gasversorgung-trotz-geringerer-Fuellstaende-als-sicher-ein-id31284569.html,0,www.n-tv.de,Speicher zu 54 Prozent gefüllt: Reiche stuft Gasversorgung trotz geringerer Füllstände als sicher ein,"Deutschlands Gasspeicher sind vor der nahenden Heizsaison nur zu rund der Hälfte gefüllt. Doch Katherina Reiche scheint dies nicht zu beunruhigen. Zusätzliche staatliche Gaskäufe könnten die Energiepreise in die Höhe treiben, argumentiert die Wirtschaftsminis…",https://www.n-tv.de/img/31284573/1788894861/Img_16_9/1200/591436787.jpg,2026-09-08T18:43:02Z,,"Speicher zu 54 Prozent gefülltReiche stuft Gasversorgung trotz geringerer Füllstände als sicher ein
Das Bundeswirtschaftsministerium ""hat Vorkehrungen getroffen - für jedes Szenario"", betont Katheri… [+2803 chars]",,de,'Energiepreise'
https://www.zeit.de/news/2026-09/09/nordstream-wieder-anschalten-bringt-das-was,https://www.zeit.de/news/2026-09/09/nordstream-wieder-anschalten-bringt-das-was,0,www.zeit.de,Energieversorgung: Nordstream wieder anschalten: Bringt das was?,Hier finden Sie Informationen zu dem Thema „Energieversorgung“. Lesen Sie jetzt „Nordstream wieder anschalten: Bringt das was?“.,https://img.zeit.de/news/2026-09/09/nordstream-wieder-anschalten-bringt-das-was-image-group/wide__1300x731,2026-09-09T04:00:09Z,,"Mit dem Vorschlag, Nordstream wieder in Betrieb zu nehmen, versuchen vor allem AfD und das BSW in den derzeitigen Wahlkämpfen zu punkten. «Nord Stream aufdrehen» - plakatiert etwa das BSW vor der Lan… [+4883 chars]",,de,'Energieversorgung'
https://www.derstandard.at/story/3000000339042/oelpreis-wieder-ueber-100-dollar-gaspreis-kratzt-an-80-euro-marke,https://www.derstandard.at/story/3000000339042/oelpreis-wieder-ueber-100-dollar-gaspreis-kratzt-an-80-euro-marke,0,www.derstandard.at,"Ölpreis wieder über 100 Dollar, Gaspreis kratzt an 80-Euro-Marke","An der Straße von Hormus gibt es neue Angriffe, die wichtige Öl-Transportroute bleibt umkämpft. Das hat Folgen weit über die Region hinaus",https://i.ds.at/rcgaWA/rs:fill:1200:600/plain/lido-images/2026/09/09/f04ec497-4778-438d-8611-9cf30360a2ba.jpg,2026-09-09T07:57:33Z,,"Sie entscheiden darüber, wie Sie unsere Inhalte nutzen wollen. Ihr Gerät erlaubt uns derzeit leider nicht, die entsprechenden Optionen anzuzeigen.
Bitte deaktivieren Sie sämtliche Hard- und Software… [+180 chars]",,de,'Gaspreis'
https://www.zeit.de/news/2026-09/09/europaeischer-gaspreis-erreicht-hoechsten-stand-seit-ende-2022,https://www.zeit.de/news/2026-09/09/europaeischer-gaspreis-erreicht-hoechsten-stand-seit-ende-2022,0,www.zeit.de,Rohstoffe: Europäischer Gaspreis erreicht höchsten Stand seit Ende 2022,Hier finden Sie Informationen zu dem Thema „Rohstoffe“. Lesen Sie jetzt „Europäischer Gaspreis erreicht höchsten Stand seit Ende 2022“.,https://img.zeit.de/news/2026-09/09/europaeischer-gaspreis-erreicht-hoechsten-stand-seit-ende-2022-image-group/wide__1300x731,2026-09-09T10:21:40Z,,Der Preis für europäisches Erdgas hat am Mittwoch angesichts der Zuspitzung der Lage im Nahen Osten seinen Höhenflug fortgesetzt. Erstmals seit Ende 2022 stieg der richtungsweisende Erdgas-Terminkont… [+2087 chars],,de,'Gaspreis'
https://www.tagesspiegel.de/wirtschaft/dpa-rohstoffe-16033974.html,https://www.tagesspiegel.de/wirtschaft/dpa-rohstoffe-16033974.html,0,www.tagesspiegel.de,Rohstoffe: Europäischer Gaspreis erreicht höchsten Stand seit Ende 2022,Der Gaspreis klettert auf mehr als 79 Euro – Ursache ist der Konflikt am Persischen Golf. Was das für Verbraucher und Heizkosten bedeutet.,https://www.tagesspiegel.de/images/16033973/alternates/BASE_16_9_W1400/1788949379000/gasspeicher.jpeg,2026-09-09T10:22:59Z,,Der Preis für europäisches Erdgas hat am Mittwoch angesichts der Zuspitzung der Lage im Nahen Osten seinen Höhenflug fortgesetzt. Erstmals seit Ende 2022 stieg der richtungsweisende Erdgas-Terminkont… [+2138 chars],,de,'Heizkosten'
https://taz.de/U16-Wahl-in-Berlin/!6210783/,https://taz.de/U16-Wahl-in-Berlin/!6210783/,0,taz.de,"U16-Wahl in Berlin: Ernste Themen, symbolisches Kreuzchen","Noch bis Freitag können Kinder und Jugendlich bei der U16-Wahl abstimmen. Rassismus, Inflation und die Klimakrise treiben sie um, zeigt ein Besuch im Wahllokal.",https://taz.de/picture/8720649/1200/42020611.jpeg,2026-09-09T10:30:00Z,,"Noch bis Freitag können Kinder und Jugendlich bei der U16-Wahl abstimmen. Rassismus, Inflation und die Klimakrise treiben sie um, zeigt ein Besuch im Wahllokal. mehr...",,de,'Inflation'
https://www.zeit.de/news/2026-09/09/brandenburgs-energieministerin-befuerchtet-keinen-gasmangel,https://www.zeit.de/news/2026-09/09/brandenburgs-energieministerin-befuerchtet-keinen-gasmangel,0,www.zeit.de,Niedrige Füllstände: Brandenburgs Energieministerin befürchtet keinen Gasmangel,Hier finden Sie Informationen zu dem Thema „Niedrige Füllstände“. Lesen Sie jetzt „Brandenburgs Energieministerin befürchtet keinen Gasmangel“.,https://img.zeit.de/news/2026-09/09/brandenburgs-energieministerin-befuerchtet-keinen-gasmangel-image-group/wide__1300x731,2026-09-09T11:35:56Z,,Trotz niedrigerer Füllstände der Speicher droht in Brandenburg nach Ansicht der Landesregierung keine Gefahr für den Winter. «Wir laufen nach aktueller Einschätzung nicht auf eine Gasmangellage zu un… [+1700 chars],,de,'Gasmangel'
https://www.tagesspiegel.de/berlin/dpa-niedrige-fullstande-16034422.html,https://www.tagesspiegel.de/berlin/dpa-niedrige-fullstande-16034422.html,0,www.tagesspiegel.de,Niedrige Füllstände: Brandenburgs Energieministerin befürchtet keinen Gasmangel,Die Gasspeicher sind geringer gefüllt als in den vergangenen Jahren. Warum zeigt sich Brandenburgs Energieministerin Klement nicht besorgt?,https://www.tagesspiegel.de/images/16034421/alternates/BASE_16_9_W1400/1788953828000/erdgasspeicher-des-energieversorgers-ewe.jpeg,2026-09-09T11:37:08Z,,Trotz niedrigerer Füllstände der Speicher droht in Brandenburg nach Ansicht der Landesregierung keine Gefahr für den Winter. Wir laufen nach aktueller Einschätzung nicht auf eine Gasmangellage zu und… [+1750 chars],,de,'Gasmangellage'
https://www.tagesspiegel.de/politik/ezb-sitzung-in-berlin-zinserhohung-gilt-als-ausgemacht--und-was-kommt-dann-16033597.html,https://www.tagesspiegel.de/politik/ezb-sitzung-in-berlin-zinserhohung-gilt-als-ausgemacht--und-was-kommt-dann-16033597.html,0,www.tagesspiegel.de,EZB-Sitzung in Berlin: Zinserhöhung gilt als ausgemacht – und was kommt dann?,"Da die Inflation wieder anzieht, dürfte die EZB am Donnerstag in Berlin die Leitzinsen erneut erhöhen. Sparer könnten davon profitieren, der Konjunkturerholung wirkt es entgegen.",https://www.tagesspiegel.de/images/15871930/alternates/BASE_16_9_W1400/1784810470000/ezb-prasidentin-christine-lagarde.jpeg,2026-09-09T11:52:12Z,,Vom Main an die Havel. Alle sechs Wochen entscheidet die EZB über die Höhe der Leitzinsen. Normalerweise im gläsernen Doppelhochhaus im Frankfurter Ostend. Am Donnerstag wird sie das ausnahmsweise in… [+230 chars],,de,'Inflation'
https://www.derstandard.at/story/3000000339080/seefahrt-nationen-warnen-vor-zerfall-der-globalen-handelsordnung-und-hohen-kosten-fuer-alle,https://www.derstandard.at/story/3000000339080/seefahrt-nationen-warnen-vor-zerfall-der-globalen-handelsordnung-und-hohen-kosten-fuer-alle,0,www.derstandard.at,Seefahrt-Nationen warnen vor Zerfall der globalen Handelsordnung und hohen Kosten für alle,"Kriege und Handelskonflikte machen wichtige Seewege unsicher, Sanktionen schaffen eine wachsende Schattenflotte. In der Branche sind die Sorgen groß",https://i.ds.at/yZ-EVQ/rs:fill:1200:600/plain/lido-images/2026/09/09/46d3f7ca-dae5-46ca-af73-e956616565dc.jpg,2026-09-09T13:53:18Z,,"Mehr als 1500 Tanker sollen inzwischen der Schattenflotte angehören und außerhalb der üblichen Regeln agieren. Die größten Schifffahrtsnationen warnen, dass damit die internationale Ordnung der Meere… [+1238 chars]",,de,'Schattenflotte'
https://www.zeit.de/news/2026-09/09/ki-zentrum-und-batteriespeicher-neue-plaene-fuer-akw-standort,https://www.zeit.de/news/2026-09/09/ki-zentrum-und-batteriespeicher-neue-plaene-fuer-akw-standort,0,www.zeit.de,Energie: KI-Zentrum und Batteriespeicher: Neue Pläne für AKW-Standort,Hier finden Sie Informationen zu dem Thema „Energie“. Lesen Sie jetzt „KI-Zentrum und Batteriespeicher: Neue Pläne für AKW-Standort“.,https://img.zeit.de/news/2026-09/09/ki-zentrum-und-batteriespeicher-neue-plaene-fuer-akw-standort-image-group/wide__1300x731,2026-09-09T14:00:47Z,,Im Landkreis Landshut soll ein Batteriegroßspeicher samt Rechenzentrum für künstliche Intelligenz (KI) entstehen. Bayerns Wirtschafts- und Energieminister Hubert Aiwanger bezeichnete entsprechende Pl… [+1568 chars],,de,'AKW'
https://www.tagesspiegel.de/berlin/dpa-ausschreibung-neuer-kraftwerke-16035793.html,https://www.tagesspiegel.de/berlin/dpa-ausschreibung-neuer-kraftwerke-16035793.html,0,www.tagesspiegel.de,Ausschreibung neuer Kraftwerke: Energiekonzern Leag sucht für jeden Standort neue Chancen,"Das neue Kraftwerksgesetz soll mehr Sicherheit bei der Stromversorgung bringen. Dazu ist eine erste Ausschreibung angelaufen, deren Gebote nun geprüft werden. Der Energiekonzern Leag macht mit.",https://www.tagesspiegel.de/images/16035792/alternates/BASE_16_9_W1400/1788963025000/kraftwerk-janschwalde.jpeg,2026-09-09T14:10:24Z,,"Der Energiekonzern Leag will bei der Ausschreibung für neue Kraftwerke für jeden Braunkohle-Standort eine Zukunftslösung erreichen. Der Bau neuer Kraftwerke sei das notwendige technologische Back-up,… [+2176 chars]",,de,'Bundesnetzagentur'
https://www.faz.net/aktuell/wirtschaft/unternehmen/business-liveticker-italienische-autolobby-fordert-80-prozent-eu-zoll-auf-chinesische-autos-faz-200452404.html,https://www.faz.net/aktuell/wirtschaft/unternehmen/business-liveticker-italienische-autolobby-fordert-80-prozent-eu-zoll-auf-chinesische-autos-faz-200452404.html,0,www.faz.net,Business-Ticker: Italienische Autolobby fordert 80 Prozent EU-Zoll auf chinesische Autos,Ausschreibung für neue Gaskraftwerke deutlich überzeichnet +++ US-Start-up plant Massenproduktion von Marschflugkörpern in Sachsen +++ Europäischer Gaspreis erreicht höchsten Stand seit Ende 2022 +++ Neuigkeiten im Unternehmen-Liveblog.,https://media0.faz.net/image/w1200h627/4d8a0adb72c1/w7505h3921x751y345o/202505/43601.0.1019522705/zwei-neuwagen-von-byd-vor-dem.webp,2026-09-09T14:40:58Z,,"Volkswagen erwägt im Zuge einer Umstrukturierung seines Produktportfolios den Verkauf des Motorradherstellers Ducati, berichtet Bloomberg. Die italienische Marke gehöre zu den 600 von insgesamt 2.000… [+1569 chars]",,de,'Gaspreis'
https://www.welt.de/vermischtes/kriminalitaet/article6aa174b67864931663e7235a/angriffe-auf-stromnetz-haftbefehl-fuer-daniel-v-mutmasslicher-saboteur-muss-in-die-jva-cottbus.html,https://www.welt.de/vermischtes/kriminalitaet/article6aa174b67864931663e7235a/angriffe-auf-stromnetz-haftbefehl-fuer-daniel-v-mutmasslicher-saboteur-muss-in-die-jva-cottbus.html,0,www.welt.de,Haftbefehl für Daniel V. – mutmaßlicher Saboteur muss in die JVA Cottbus,"Der mutmaßliche Saboteur, der Stromleitungen nahe mehrerer Kraftwerke attackiert haben soll, sitzt nun in Untersuchungshaft. Die Ermittler gehen davon aus, dass der 48-Jährige weitere Angriffe auf die Energieversorgung plante.",https://images.welt.de/6aa174b67864931663e7235a/56b44cc1233ab9a604c5e1cf4746c20a/ci16x9-w1200/fahndungsfotos-von-daniel-v-gepixelt-jpg,2026-09-09T15:12:03Z,,"Der mutmaßliche Saboteur, der Stromleitungen nahe mehrerer Kraftwerke attackiert haben soll, sitzt nun in Untersuchungshaft. Die Ermittler gehen davon aus, dass der 48-Jährige weitere Angriffe auf di… [+1962 chars]",,de,'Energieversorgung'
https://www.faz.net/aktuell/finanzen/oelpreis-steigt-auf-mehr-als-100-dollar-was-heisst-das-fuer-die-welt-201209490.html,https://www.faz.net/aktuell/finanzen/oelpreis-steigt-auf-mehr-als-100-dollar-was-heisst-das-fuer-die-welt-201209490.html,0,www.faz.net,Nach neuen Kampfhandlungen: Ölpreis über 100 Dollar: Was heißt das für die Welt?,"Nicht nur Rohöl, auch Benzin und Heizöl verteuern sich nach neuen kriegerischen Auseinandersetzungen im Nahen Osten. An den Tankstellen steigt der Preis für Super E10 auf ein Rekordhoch.",https://media0.faz.net/image/w1200h627/4c3ed9ab1295/w5020h2622x0y618o/202609/43601.0.2529127186/es-gibt-keine-ruhe.webp,2026-09-09T17:16:39Z,,"Der Ölpreis hat am Mittwoch die Marke von 100 Dollar je Barrel (Fass zu 159 Liter) für die Nordseesorte Brent überschritten. Zeitweise notierte der Preis auf 100,95 Dollar. Die amerikanische Ölsorte … [+4498 chars]",,de,'Heizöl'
https://www.bild.de/news/inland/er-plante-deutschlands-blackout-haftbefehl-gegen-den-strom-terroristen-6a9fd1fe181cb962d4887ab7,https://www.bild.de/news/inland/er-plante-deutschlands-blackout-haftbefehl-gegen-den-strom-terroristen-6a9fd1fe181cb962d4887ab7,0,www.bild.de,Er plante Deutschlands Blackout - Haftbefehl gegen den Strom-Terroristen,Weisweiler – Tagelang hielt der mutmaßliche Saboteur die Polizei in Atem: Daniel Viehmann (48) soll mit selbstgebauten Raketen Angriffe auf das deutsche ...,"https://images.bild.de/6a9fd1fe181cb962d4887ab7/4271a13f7c308ac8bb84a6bf12973beb,4dbad473?w=1280",2026-09-09T17:48:33Z,,Mit selbstgebauten Raketen soll Daniel Viehmann das deutsche Stromnetz angegriffen und Kurzschlüsse an Hochspannungsleitungen ausgelöst haben laut Ermittlern stand Deutschland mehrmals knapp vor eine… [+309 chars],,de,'Blackout'
https://orf.at/stories/3441636/,https://orf.at/stories/3441636/,0,orf.at,Trump löst „America“-Inflation aus,"Im Laufe seiner zweiten US-Präsidentschaft beschäftigt sich Donald Trump vor allem damit: dem Umbenennen von Orten, um seiner US-zentrierten Erzählung gerecht zu werden. Golf von Mexiko wird zu „Golf von Amerika“, Lake Ontario wird zu „Lake America“ und New M…",https://ibs.orf.at/news?image=https%3A%2F%2Fassets.orf.at%2Fmims%2F2026%2F37%2F46%2Fcrops%2Fw%3D1200%2Ch%3D630%2Cq%3D75%2F3176451_master_1231746_ticker_south_america_n.jpg%3Fs%3Dcfa59d7ec7b5e1d9d8f7557ab6861dcf2d3fc0d2,2026-09-09T17:57:15Z,,"Inspiriert vom Mut und Patriotismus von Apple und Google ändern wir den Namen von South Park in South America, teilten die Schöpfer der beliebten US-Zeichentrickserie, Trey Parker und Matt Stone, am … [+5818 chars]",,de,'Inflation'
https://www.dw.com/de/deutschland-hat-russische-schattenflotte-im-visier/a-79198797,https://www.dw.com/de/deutschland-hat-russische-schattenflotte-im-visier/a-79198797,0,www.dw.com,Deutschland hat russische Schattenflotte im Visier,"Die Bundesregierung will jetzt entschiedener gegen die russische Schattenflotte vorgehen, der Sanktionsumgehung und Sabotage vorgeworfen wird. Andere europäische Länder machen es bereits vor. Als die Bundesregierung am 1. September öffentlich Russland für den…",https://static.dw.com/image/77546074_6.jpg,2026-09-09T19:41:00Z,,"Als die Bundesregierung am 1. September öffentlich Russland für den gescheiterten Drohnenanschlag auf den Flughafen Leipzig verantwortlich machte, kündigte sie eine Reihe von Vergeltungsmaßnahmen an.… [+6661 chars]",,de,'Schattenflotte'
https://versicherungswirtschaft-heute.de/schlaglicht/2026-09-10/125-jahre-gvnw-vom-aufruf-gegen-das-kartell-der-feuerversicherer-zur-stimme-der-versicherungsnehmenden-wirtschaft/,https://versicherungswirtschaft-heute.de/schlaglicht/2026-09-10/125-jahre-gvnw-vom-aufruf-gegen-das-kartell-der-feuerversicherer-zur-stimme-der-versicherungsnehmenden-wirtschaft/,0,versicherungswirtschaft-heute.de,125 Jahre GVNW: Vom Aufruf gegen das Kartell der Feuerversicherer zur Stimme der versicherungsnehmenden Wirtschaft,"Krise, Inflation, Deregulierung und globale Risiken: Seit 125 Jahren trotzt die Interessengemeinschaft der deutschen Wirtschaft allen Marktveränderungen. Wie aus dem Schutzverband gegen unfaire Prämien der heutige GVNW wurde und warum seine Mission im Zeitalt…",https://versicherungswirtschaft-heute.de//wp-60d20-content/uploads/2026/09/2026-09-09-09_51_35-038-043_GVNW-2.indd-@-100-.png,2026-09-09T22:00:00Z,,"Krise, Inflation, Deregulierung und globale Risiken: Seit 125 Jahren trotzt die Interessengemeinschaft der deutschen Wirtschaft allen Marktveränderungen. Wie aus dem Schutzverband gegen unfaire Prämi… [+295 chars]",,de,'Inflation'
https://www.tagesspiegel.de/berlin/dpa-angriffe-auf-energieversorgung-16037361.html,https://www.tagesspiegel.de/berlin/dpa-angriffe-auf-energieversorgung-16037361.html,0,www.tagesspiegel.de,Angriffe auf Energieversorgung: Plattes Gras verrät Strom-Saboteur - Bodycam filmt Festnahme,Tagelang hält die Fahndung nach einem Strom-Saboteur die Polizei in Atem. Zwei junge Autobahnpolizisten hatten am Ende den richtigen Riecher. Ihre Bodycam dokumentiert die Festnahme.,https://www.tagesspiegel.de/images/16037360/alternates/BASE_16_9_W1400/1789009391000/festnahme-im-zusammenhang-mit-sabotage-am-stromnetz.jpeg,2026-09-10T03:03:11Z,,"Es war nur etwas niedergetretenes Gras an einem Feldweg. Aber das war für zwei junge Polizisten die entscheidende Spur, die am Dienstag zur Festnahme des 48-jährigen mutmaßlichen Energie-Attentäters … [+5700 chars]",,de,'Rakete Kraftwerk'
https://www.prnewswire.com/news-releases/die-investitionen-in-sauberen-wasserstoff-erreichen-130-milliarden-us-dollar-da-energiesicherheit-und-widerstandsfahigkeit-auf-der-globalen-agenda-an-bedeutung-gewinnen-302874133.html,https://www.prnewswire.com/news-releases/die-investitionen-in-sauberen-wasserstoff-erreichen-130-milliarden-us-dollar-da-energiesicherheit-und-widerstandsfahigkeit-auf-der-globalen-agenda-an-bedeutung-gewinnen-302874133.html,0,www.prnewswire.com,"Die Investitionen in sauberen Wasserstoff erreichen 130 Milliarden US-Dollar, da Energiesicherheit und Widerstandsfähigkeit auf der globalen Agenda an Bedeutung gewinnen","BRÜSSEL, 10. September 2026 /PRNewswire/ -- Sauberer Wasserstoff ist keine Zukunftsvision mehr – er wird bereits heute realisiert. Laut dem heute veröffentlichten „Global Hydrogen Compass 2026"" des Hydrogen Council haben die zugesagten Investitionen die Marke…",,2026-09-10T06:00:00Z,,"BRÜSSEL, 10. September 2026 /PRNewswire/ -- Sauberer Wasserstoff ist keine Zukunftsvision mehr er wird bereits heute realisiert. Laut dem heute veröffentlichten Global Hydrogen Compass 2026"" des Hydr… [+7464 chars]",,de,'Energiesicherheit'
https://www.zeit.de/news/2026-09/10/teure-energie-treibt-inflation-an-die-drei-prozent-marke,https://www.zeit.de/news/2026-09/10/teure-energie-treibt-inflation-an-die-drei-prozent-marke,0,www.zeit.de,Verbraucherpreise: Teure Energie treibt Inflation an die Drei-Prozent-Marke,Hier finden Sie Informationen zu dem Thema „Verbraucherpreise“. Lesen Sie jetzt „Teure Energie treibt Inflation an die Drei-Prozent-Marke“.,https://img.zeit.de/news/2026-09/10/teure-energie-treibt-inflation-an-die-drei-prozent-marke-image-group/wide__1300x731,2026-09-10T06:09:51Z,,"Der Iran-Krieg treibt die Energiepreise in die Höhe und verteuert das Leben in Deutschland. Im August lagen die Verbraucherpreise um 2,9 Prozent über dem Niveau des Vorjahresmonats, wie das Statistis… [+3016 chars]",,de,'Inflation'
https://www.tagesspiegel.de/wirtschaft/dpa-verbraucherpreise-16037572.html,https://www.tagesspiegel.de/wirtschaft/dpa-verbraucherpreise-16037572.html,0,www.tagesspiegel.de,Verbraucherpreise: Teure Energie treibt Inflation an die Drei-Prozent-Marke,Der Iran-Krieg hat Tanken und Heizen erheblich verteuert. Mit der vom Staat verordneten Entlastung an Deutschlands Tankstellen ist es vorerst vorbei. Die Inflationsrate könnte noch weiter steigen.,https://www.tagesspiegel.de/images/16037571/alternates/BASE_16_9_W1400/1789020655000/tanken.jpeg,2026-09-10T06:10:55Z,,"Der Iran-Krieg treibt die Energiepreise in die Höhe und verteuert das Leben in Deutschland. Im August lagen die Verbraucherpreise um 2,9 Prozent über dem Niveau des Vorjahresmonats, wie das Statistis… [+2690 chars]",,de,'Heizkosten'
https://www.zeit.de/wirtschaft/2026-09/inflation-deutschland-energiepreise-verbraucherpreise-irankrieg-gxe,https://www.zeit.de/wirtschaft/2026-09/inflation-deutschland-energiepreise-verbraucherpreise-irankrieg-gxe,0,www.zeit.de,"Verbraucherpreise: Inflationsrate steigt im August auf 2,9 Prozent",Hohe Energiepreise haben die Inflationsrate in Deutschland knapp an die Drei-Prozent-Marke getrieben. Auch in den nächsten Monaten erwarten Ökonomen keine Entspannung.,https://img.zeit.de/wirtschaft/2026-09/inflation-deutschland-energiepreise-verbraucherpreise-persischer-golf-foto-1/wide__1300x731,2026-09-10T06:51:43Z,,"Die Verbraucherpreise in Deutschland sind infolge des Irankriegs erneut gestiegen. Waren und
Dienstleistungen kosteten 2,9 Prozent mehr als im
Vorjahresmonat, wie das Statistische Bundesamt mitteil… [+1900 chars]",,de,'Inflation'
https://www.morgenpost.de/wirtschaft/article413083262/heizoelpreise-aktuell-10-september-preis-heizoel-heizung-liter-heute-kaufen.html,https://www.morgenpost.de/wirtschaft/article413083262/heizoelpreise-aktuell-10-september-preis-heizoel-heizung-liter-heute-kaufen.html,0,www.morgenpost.de,"Heizölpreise heute (Donnerstag, 10. September): Das kostet aktuell ein Liter",Bei den Heizölpreisen ging es zuletzt deutlich nach oben. Setzt sich dieser Trend heute (4. September) fort? Der aktuelle Überblick.,https://img.sparknews.funkemedien.de/411750101/411750101_1776513267_v16_9_1600.jpeg,2026-09-10T06:55:36Z,,"Die Tage werden langsam kürzer, nachts kühlt es immer mehr ab und viele Verbraucher dürften jetzt vor der Frage stehen: Lohnt es sich aktuell, Heizöl zu bestellen? Setzt sich der Preisanstieg der ver… [+8995 chars]",,de,'Heizkosten'
https://www.focus.de/politik/ausland/neuer-rekord-ukrainische-drohnen-legen-3000-kilometer-zurueck-und-treffen-russlands-gashauptstadt-in-der-arktis_75d2e825-89ef-4c16-9c68-9a632284f7eb.html,https://www.focus.de/politik/ausland/neuer-rekord-ukrainische-drohnen-legen-3000-kilometer-zurueck-und-treffen-russlands-gashauptstadt-in-der-arktis_75d2e825-89ef-4c16-9c68-9a632284f7eb.html,0,www.focus.de,Neuer Rekord: Ukrainische Drohnen legen 3000 Kilometer zurück und treffen Russlands „Gashauptstadt” in der Arktis,"Der Ukraine-Krieg erreicht Regionen, die in Russland lange als sicher galten. In Nowy Urengoi brannte nach einem Angriff eine wichtige Gasanlage.","https://quadro.burda-forward.de/ctf/265c15ed-4539-4bca-8b92-5ed22a65149b.cea989d8-d1dc-4962-86bc-2e5203494016.jpg?im=RegionOfInterestCrop=(1200,630),regionOfInterest=(902,659)&hash=ade0abbb88f8bec81779a51342b8af340f32b80c65aa096bde04c5f46107c67c",2026-09-10T08:56:00Z,,"Die Ukraine hat nach eigenen Angaben erstmals einen Gasstandort im hohen Norden Russlands angegriffen, etwa 3000 Kilometer von der Grenze entfernt. In Nowy Urengoi im autonomen Kreis der Jamal-Nenzen… [+2734 chars]",,de,'Krieg Gas'
https://www.golem.de/sonstiges/zustimmung/auswahl.html?from=https://www.golem.de/news/steigende-gaspreise-wette-auf-warmen-winter-in-vollem-gange-2609-212861.html&referer=https://t.co/69ef8ff012,https://www.golem.de/sonstiges/zustimmung/auswahl.html?from=https://www.golem.de/news/steigende-gaspreise-wette-auf-warmen-winter-in-vollem-gange-2609-212861.html&referer=https://t.co/69ef8ff012,0,www.golem.de,Steigende Gaspreise: Wette auf warmen Winter in vollem Gange,"Lediglich zur Hälfte sind die deutschen Gasspeicher gefüllt. Schon in drei Wochen beginnt die Heizperiode und der Gaspreis zieht bereits an. (Energie, Energiewende)",,2026-09-10T09:09:02Z,,"Besuchen Sie Golem.de wie gewohnt mit Werbung und Tracking,
 indem Sie der Nutzung aller Cookies zustimmen.
 Details zum Tracking finden Sie im Privacy Center.
Skript wurde nicht geladen. Informat… [+607 chars]",,de,'Gaspreis'
https://www.zeit.de/news/2026-09/10/minister-nehmen-energieversorgung-in-die-eigene-hand,https://www.zeit.de/news/2026-09/10/minister-nehmen-energieversorgung-in-die-eigene-hand,0,www.zeit.de,Landtagsdebatte: Minister: Nehmen Energieversorgung in die eigene Hand,Hier finden Sie Informationen zu dem Thema „Landtagsdebatte“. Lesen Sie jetzt „Minister: Nehmen Energieversorgung in die eigene Hand“.,https://img.zeit.de/news/2026-09/10/minister-nehmen-energieversorgung-in-die-eigene-hand-image-group/wide__1300x731,2026-09-10T09:32:03Z,,"Thüringen muss bisher viel Strom importieren das soll sich in den nächsten Jahren ändern. «Wir müssen die Energieversorgung in die eigenen Hände nehmen», sagte Energieminister Tilo Kummer in einer Re… [+1771 chars]",,de,'Energieversorgung'
https://www.tagesschau.de/wirtschaft/konjunktur/inflation-deutschland-august-details-100.html,https://www.tagesschau.de/wirtschaft/konjunktur/inflation-deutschland-august-details-100.html,0,www.tagesschau.de,Wo die Verbraucherpreise am stärksten steigen,Der Iran-Krieg treibt die Energiepreise in die Höhe und verteuert das Leben der Verbraucherinnen und Verbraucher in Deutschland. Wo wird das besonders spürbar? Und wo sind Preise zuletzt gesunken?,https://images.tagesschau.de/image/4b1ee766-e2bd-4e08-8ae5-0362b47975ac/AAABoIqXxng/AAABnSSvrFg/16x9-big/heizoel-142.jpg?width=1280,2026-09-10T10:21:08Z,,"Stand: 10.09.2026 12:21 Uhr
Der Iran-Krieg treibt die Energiepreise in die Höhe und verteuert das Leben der Verbraucherinnen und Verbraucher in Deutschland. Wo wird das besonders spürbar? Und wo sin… [+3605 chars]",,de,'Energiepreise'
https://taz.de/Russische-Schattenflotte/!6212199/,https://taz.de/Russische-Schattenflotte/!6212199/,0,taz.de,Russische Schattenflotte: Die schleichende Ölpest vor der Küste Omans,Vor drei Monaten gab es eine Explosion auf einem Tanker der Schattenflotte. Seitdem fließen Millionen Liter Öl ins Meer – in einem Naturschutzgebiet.,https://taz.de/picture/8730172/1200/41830437.jpeg,2026-09-10T11:14:00Z,,Vor drei Monaten gab es eine Explosion auf einem Tanker der Schattenflotte. Seitdem fließen Millionen Liter Öl ins Meer – in einem Naturschutzgebiet. mehr...,,de,'Schattenflotte'
https://www.bild.de/news/inland/bodycam-video-der-polizei-hier-wird-der-strom-terrorist-verhaftet-6aa295b6e63dfef5db084463,https://www.bild.de/news/inland/bodycam-video-der-polizei-hier-wird-der-strom-terrorist-verhaftet-6aa295b6e63dfef5db084463,0,www.bild.de,Bodycam-Video der Polizei - Hier wird der Strom-Terrorist verhaftet,"Weisweiler (NRW) – Tagelang suchten sie nach dem Mann, der Deutschland ins Blackout versetzen wollte. Schließlich konnten zwei Autobahnpolizisten am Dien...","https://images.bild.de/6aa295b6e63dfef5db084463/b998b6c53724843490889cb74a3d68d0-landscape,57861417?w=1280",2026-09-10T11:46:50Z,,"+++Anschläge auf Kraftwerke: Bodycam-Video zeigt Festnahme des Strom-Terroristen
+++Anschläge auf Kraftwerke: Bodycam-Video zeigt Festnahme des Strom-Terroristen
+++Anschläge auf Kraftwerke: Bodyca… [+618 chars]",,de,'Blackout'
https://www.zeit.de/news/2026-09/10/notizen-mit-ueber-160-sabotagezielen-entdeckt,https://www.zeit.de/news/2026-09/10/notizen-mit-ueber-160-sabotagezielen-entdeckt,0,www.zeit.de,Angriffe auf Energieversorgung: Notizen mit über 160 Sabotagezielen entdeckt,Hier finden Sie Informationen zu dem Thema „Angriffe auf Energieversorgung“. Lesen Sie jetzt „Notizen mit über 160 Sabotagezielen entdeckt“.,https://img.zeit.de/news/2026-09/10/notizen-mit-ueber-160-sabotagezielen-entdeckt-image-group/wide__1300x731,2026-09-10T11:57:01Z,,Im Wohnmobil des mutmaßlichen Strom-Saboteurs ist ein Notizbuch mit handschriftlichen Vermerken zu mehr als 160 bisherigen und möglichen weiteren Sabotagezielen entdeckt worden. Das hat NRW-Innenmini… [+2611 chars],,de,'Energieversorgung'
https://www.tagesschau.de/wirtschaft/finanzen/ezb-sitzung-leitzins-100.html,https://www.tagesschau.de/wirtschaft/finanzen/ezb-sitzung-leitzins-100.html,0,www.tagesschau.de,"EZB erhöht erneut den Leitzins - auf 2,5 Prozent","Die Teuerungsrate in der Eurozone ist zuletzt über die Drei-Prozent-Marke geklettert. Um die Inflation abzuschwächen, hat die Europäische Zentralbank nun erneut den Leitzins angehoben.",https://images.tagesschau.de/image/a9f81841-6206-4205-aa91-3ddee7a12c89/AAABoITz21g/AAABnSSvrFg/16x9-big/ezb-560.jpg?width=1280,2026-09-10T12:15:29Z,,"Stand: 10.09.2026 14:15 Uhr
Die Teuerungsrate in der Eurozone ist zuletzt über die Drei-Prozent-Marke geklettert. Um die Inflation abzuschwächen, hat die Europäische Zentralbank nun erneut den Leitz… [+2352 chars]",,de,'Inflation'
https://www.faz.net/aktuell/finanzen/finanzmarkt/wegen-hoher-inflation-ezb-hebt-die-zinsen-um-einen-viertelprozentpunkt-an-201210475.html,https://www.faz.net/aktuell/finanzen/finanzmarkt/wegen-hoher-inflation-ezb-hebt-die-zinsen-um-einen-viertelprozentpunkt-an-201210475.html,0,www.faz.net,Wegen hoher Inflation: EZB hebt die Zinsen um einen Viertelprozentpunkt an,"Die Inflation ist von 2,9 auf 3,3 Prozent gestiegen. Die Notenbank reagiert und erhöht die Zinsen abermals. Was heißt das für Sparer und Hausbauer?",https://media0.faz.net/image/w1200h627/a74ecc139e4d/w4000h2090x0y286o/202609/43601.0.2534770866/ezb-praesidentin-christine.webp,2026-09-10T12:15:53Z,,"Die Europäische Zentralbank (EZB) hebt die Leitzinsen an. Wie die Notenbank am Donnerstag nach der September-Zinssitzung des EZB-Rates in Berlin mitteilte, steigen alle drei Leitzinsen um 0,25 Prozen… [+5250 chars]",,de,'Inflation'
https://www.tagesspiegel.de/wirtschaft/zum-zweiten-mal-in-diesem-jahrezb-erhoht-den-leitzins--nagel-von-afd-wahlergebnis-beunruhigt-16039341.html,https://www.tagesspiegel.de/wirtschaft/zum-zweiten-mal-in-diesem-jahrezb-erhoht-den-leitzins--nagel-von-afd-wahlergebnis-beunruhigt-16039341.html,0,www.tagesspiegel.de,Zum zweiten Mal in diesem Jahr: EZB erhöht den Leitzins – Nagel von AfD-Wahlergebnis „beunruhigt“,Trumps Iran-Krieg treibt weiterhin den Ölpreis und die Inflation im Euroraum. Die EZB reagiert darauf nun mit einer Zinserhöhung – und Bundesbank-Präsident Joachim Nagel auf das AfD-Erstarken im Osten.,https://www.tagesspiegel.de/images/16040216/alternates/BASE_16_9_W1400/1789051481000/ezb-ratssitzung-in-berlin-pressekonferenz.jpeg,2026-09-10T12:17:40Z,,In Zur Eindämmung der hartnäckigen und durch den anhaltenden Iran-Krieg begünstigten Inflation hat die Europäische Zentralbank die Leitzinsen um 25 Basispunkte erhöht. Der für die Steuerung der Geldp… [+5362 chars],,de,'Inflation'
https://www.sueddeutsche.de/wirtschaft/leitzins-ezb-inflation-zinsentscheid-li.3544420,https://www.sueddeutsche.de/wirtschaft/leitzins-ezb-inflation-zinsentscheid-li.3544420,0,www.sueddeutsche.de,"Geldpolitik: EZB hebt Leitzins auf 2,5 Prozent an",Die Energiekrise treibt die Inflation in der Euro-Zone. Benzin und Diesel sind so teuer wie lange nicht. Daher sehen sich die Notenbanker zu einer Reaktion gezwungen. Sie wollen nicht wieder den gleichen Fehler machen wie 2022.,https://www.sueddeutsche.de/2026/06/11/e8b7dc35-edd1-4d68-b9d9-36d73b828968.jpg?q=60&fm=webp&width=1200&rect=0%2C156%2C3000%2C1687,2026-09-10T12:18:51Z,,"Es ist bereits das zweite Mal in diesem Jahr, dass die EZB die Zinsen hochsetzt. Im Juni hatte es einen ersten Zinsschritt gegeben, im Juli dann eine Pause. Nun aber sieht sich die Zentralbank gezwun… [+4852 chars]",,de,'Energiekrise'
https://www.zeit.de/news/2026-09/10/ezb-stemmt-sich-mit-hoeheren-zinsen-gegen-inflationsschub,https://www.zeit.de/news/2026-09/10/ezb-stemmt-sich-mit-hoeheren-zinsen-gegen-inflationsschub,0,www.zeit.de,Geldpolitik: EZB stemmt sich mit höheren Zinsen gegen Inflationsschub,Hier finden Sie Informationen zu dem Thema „Geldpolitik“. Lesen Sie jetzt „EZB stemmt sich mit höheren Zinsen gegen Inflationsschub“.,https://img.zeit.de/news/2026-09/10/ezb-stemmt-sich-mit-hoeheren-zinsen-gegen-inflationsschub-image-group/wide__1300x731,2026-09-10T12:22:47Z,,Die Europäische Zentralbank (EZB) reagiert mit der zweiten Zinserhöhung in diesem Jahr auf den Ölpreisschock infolge des Iran-Kriegs. Die Notenbank hebt den für Banken und Sparer wichtigen Einlagenzi… [+4647 chars],,de,'Inflation'
https://www.zeit.de/wirtschaft/2026-09/europaeische-zentralbank-erhoeht-leitzins-auf-2-50-prozent-gxe,https://www.zeit.de/wirtschaft/2026-09/europaeische-zentralbank-erhoeht-leitzins-auf-2-50-prozent-gxe,0,www.zeit.de,"Inflation: Europäische Zentralbank erhöht Leitzins auf 2,5 Prozent","Angesichts der hohen Inflation hat die EZB den Leitzins von 2,25 auf 2,5 Prozent angehoben. Es ist bereits die zweite Erhöhung in diesem Jahr.",https://img.zeit.de/wirtschaft/2026-09/ezb-zinsentscheidung-leitzins-bild/wide__1300x731,2026-09-10T12:43:27Z,,"Die Europäische Zentralbank (EZB) hat den Leitzins zum zweiten Mal in diesem Jahr angehoben. Der für Banken und Sparer wichtige Einlagenzins steigt von 2,25 auf 2,5 Prozent, wie die EZB in Berlin mit… [+1648 chars]",,de,'Inflation'
https://www.zeit.de/news/2026-09/10/plattes-gras-verraet-strom-saboteur-bodycam-filmt-festnahme,https://www.zeit.de/news/2026-09/10/plattes-gras-verraet-strom-saboteur-bodycam-filmt-festnahme,0,www.zeit.de,Angriffe auf Energieversorgung: Plattes Gras verrät Strom-Saboteur - Bodycam filmt Festnahme,Hier finden Sie Informationen zu dem Thema „Angriffe auf Energieversorgung“. Lesen Sie jetzt „Plattes Gras verrät Strom-Saboteur - Bodycam filmt Festnahme“.,https://img.zeit.de/news/2026-09/10/plattes-gras-verraet-strom-saboteur-bodycam-filmt-festnahme-image-group/wide__1300x731,2026-09-10T13:05:53Z,,"Es war nur etwas niedergetretenes Gras an einem Feldweg. Aber das war für zwei junge Polizisten die entscheidende Spur, die am Dienstag zur Festnahme des 48-jährigen mutmaßlichen Energie-Attentäters … [+5673 chars]",,de,'Energieversorgung'
https://www.dw.com/de/ungarn-weist-zehn-russische-diplomaten-wegen-spionageverdachts-aus-stoppt-russland-gaslieferungen/a-79209485,https://www.dw.com/de/ungarn-weist-zehn-russische-diplomaten-wegen-spionageverdachts-aus-stoppt-russland-gaslieferungen/a-79209485,0,www.dw.com,Magyar kontra Moskau: Ungarns neue Härte gegenüber Russland,"Der neue Premier Peter Magyar beendet Viktor Orbans Russland-Nähe radikal: Budapest weist zehn russische Diplomaten aus, mutmaßlich wegen Spionage. In Moskau gibt es Überlegungen, mit einem Gaslieferstopp zu antworten.",https://static.dw.com/image/78450950_6.jpg,2026-09-10T13:06:00Z,,"Unter Viktor Orban war kein anderes EU-Land so prorussisch eingestellt wie Ungarn. Der abgewählte Autokrat wurde wegen seiner Dienstfertigkeit gegenüber dem russischen Diktator bisweilen als ""Putins … [+7266 chars]",,de,'Russland Gas'
https://www.n-tv.de/wirtschaft/An-der-Stromboerse-schrillen-die-Alarmglocken-Gibt-es-2027-Rekordpreise-id31286331.html,https://www.n-tv.de/wirtschaft/An-der-Stromboerse-schrillen-die-Alarmglocken-Gibt-es-2027-Rekordpreise-id31286331.html,0,www.n-tv.de,Teures Erdgas? Vielleicht egal: An der Strombörse schrillen die Alarmglocken: Gibt es 2027 Rekordpreise?,"An der Strombörse wird Elektrizität für 2027 so teuer gehandelt wie seit der Energiekrise nicht mehr. Der Iran-Krieg treibt die Gaspreise. Diese beeinflussen den Strompreis. Eigentlich. Experten bezweifeln jedoch, dass Stromrechnungen explodieren. Auf dem Str…",https://www.n-tv.de/img/31286512/1788952887/Img_16_9/1200/594383543.jpg,2026-09-10T13:39:17Z,,"LNG-Tanker schippern teures Erdgas über die Weltmeere nach Deutschland. (Foto: picture alliance / Visually)
An der Strombörse wird Elektrizität für 2027 so teuer gehandelt wie seit der Energiekrise … [+7693 chars]",,de,'Krieg Gas'
https://orf.at/stories/3441769/,https://orf.at/stories/3441769/,0,orf.at,EZB reagiert mit nächster Zinserhöhung,"Zur Eindämmung der hartnäckigen Inflation hebt die Europäische Zentralbank (EZB) den Leitzins auf den höchsten Stand seit rund anderthalb Jahren. Der für die Steuerung der Geldpolitik maßgebliche Einlagensatz wird um einen Viertelpunkt auf 2,50 Prozent angeho…",https://ibs.orf.at/news?image=https%3A%2F%2Fassets.orf.at%2Fmims%2F2026%2F37%2F53%2Fcrops%2Fw%3D1200%2Ch%3D630%2Cq%3D75%2F3178274_master_1232453_ezb_zinserhoehung_september_lagarde_r.jpg%3Fs%3D7ec580e27379515c10744e4418cfa23dec4a2e42,2026-09-10T14:04:38Z,,"Höher lag das Zinsniveau zuletzt im Februar 2025, damals bei 2,75 Prozent. Experten hatten fest mit der Anhebung gerechnet. Die Währungshüter um EZB-Chefin Christine Lagarde hatten die Zinszügel bere… [+4684 chars]",,de,'Energiekrise'
https://www.telepolis.de/article/BSW-Populismus-in-Magdeburg-Ein-Antrag-fuellt-keinen-Gasspeicher-11449269.html,https://www.telepolis.de/article/BSW-Populismus-in-Magdeburg-Ein-Antrag-fuellt-keinen-Gasspeicher-11449269.html,0,www.telepolis.de,BSW-Populismus in Magdeburg: Ein Antrag füllt keinen Gasspeicher,"Sahra Wagenknecht will per Landtagsantrag Nord Stream öffnen. Die Pipeline ist zerstört, EU-verboten – Magdeburg hat null Zuständigkeit. Ein Kommentar.",https://heise.cloudimg.io/v7/_www-heise-de_/imgs/18/5/1/6/3/0/6/6/shutterstock_2469809941-e9dce4e248b4d90f.jpg?func=bound&height=1200&org_if_sml=1&q=85&width=1200,2026-09-10T15:00:00Z,,"(Bild: penofoto / Shutterstock.com)
Sahra Wagenknecht will per Landtagsantrag Nord Stream öffnen. Die Pipeline ist zerstört, EU-verboten Magdeburg hat null Zuständigkeit. Ein Kommentar.
Wenn wir in… [+5036 chars]",,de,'Gas Pipeline'
https://www.n-tv.de/wirtschaft/Erste-Unternehmen-bereiten-sich-auf-einen-Gasmangel-vor-id31292561.html,https://www.n-tv.de/wirtschaft/Erste-Unternehmen-bereiten-sich-auf-einen-Gasmangel-vor-id31292561.html,0,www.n-tv.de,Notfall-Kontakte werden erfragt: Erste Unternehmen bereiten sich auf einen Gasmangel vor,"Wie im Jahr 2022 formulieren deutsche Unternehmen Erklärungen, warum sie auch bei einem Gasmangel dringend weiterversorgt werden müssten. Ein Netzbetreiber verlangt wieder Kontaktdaten für den Krisenfall.",https://www.n-tv.de/img/31292626/1789055928/Img_16_9/1200/578372312.jpg,2026-09-10T15:10:14Z,,"Erinnerungen an 2022 werden wach, als Russland Deutschland den Gashahn zudrehte. (Foto: picture alliance/dpa/dpa-Zentralbild)
Wie im Jahr 2022 formulieren deutsche Unternehmen Erklärungen, warum sie… [+3384 chars]",,de,'Erdgas Russland'
https://www.n-tv.de/wirtschaft/Emirate-verdoppeln-milliardenschwere-Investitionen-in-Deutschland-id31293224.html,https://www.n-tv.de/wirtschaft/Emirate-verdoppeln-milliardenschwere-Investitionen-in-Deutschland-id31293224.html,0,www.n-tv.de,"""Strategischer Partner"": Emirate verdoppeln milliardenschwere Investitionen in Deutschland","Berlin und Abu Dhabi wollen ihre wirtschaftliche Partnerschaft auf eine neue Stufe heben. Das zusätzliche Kapital soll in Schlüsselindustrien, moderne Technologien und Energiesicherheit fließen - und deutsche Unternehmen stärken.",https://www.n-tv.de/img/31293228/1789064109/Img_16_9/1200/image.jpg,2026-09-10T16:26:28Z,,"Bundeskanzler Friedrich Merz traf Scheich Mohammed bin Sajid in Berlin. (Foto: dpa)
Berlin und Abu Dhabi wollen ihre wirtschaftliche Partnerschaft auf eine neue Stufe heben. Das zusätzliche Kapital … [+3003 chars]",,de,'Energiesicherheit'
https://orf.at/stories/3441822/,https://orf.at/stories/3441822/,0,orf.at,IWF: Weltwirtschaft trotzt Energiekrise,,https://orf.at/mojo/1_4_1/storyserver//news/common/images/og-fallback-news.png,2026-09-10T19:23:05Z,,"Die Weltwirtschaft hat den durch den Nahost-Krieg ausgelösten Energieschock nach Einschätzung des Internationalen Währungsfonds (IWF) besser verkraftet als befürchtet.
Die globale Wirtschaftsleistun… [+1299 chars]",,de,'Energiekrise'
https://www.bild.de/politik/ausland-und-internationales/so-viel-hat-putins-gaserpressung-jeden-deutschen-gekostet-6aa269ef4efdd38dc3e6967e,https://www.bild.de/politik/ausland-und-internationales/so-viel-hat-putins-gaserpressung-jeden-deutschen-gekostet-6aa269ef4efdd38dc3e6967e,0,www.bild.de,Exklusive Zahlen - So viel hat Putins Gaserpressung jeden Deutschen gekostet,"Exklusive Zahlen des Finanzministeriums zeigen: Die Energiekrise kostete den Bund 50,4 Milliarden Euro – rund 600 Euro pro Bürger. Weitere Kosten kommen hinzu.","https://images.bild.de/6aa269ef4efdd38dc3e6967e/3a657050b4bd8b37d9c2eab90b00a3ac,3657ceec?w=1280",2026-09-11T02:13:22Z,,"Vier Jahre nach Scholz Doppelwumms wird klar, wie teuer Putins Gaskrieg den deutschen Staat wirklich kam: BILD liegen die offiziellen Zahlen vor.
Lesen Sie mit BILDplus, was die russische Erpressung… [+63 chars]",,de,'Doppelwumms'
https://www.diepresse.com/41251728/energieexperte-boltz-energiepreise-werden-um-bis-zu-30-prozent-steigen,https://www.diepresse.com/41251728/energieexperte-boltz-energiepreise-werden-um-bis-zu-30-prozent-steigen,0,www.diepresse.com,Energieexperte Boltz: Energiepreise werden um bis zu 30 Prozent steigen,"Der frühere Chef der E-Control, Walter Bolz, hält deutliche Preiserhöhungen für realistisch. Die Sorge um die Verfügbarkeit nennt er hingegen übertrieben.",https://img.diepresse.com/public/incoming/xya9bh-imago0261652676hjpg/alternates/WEBP_WIDE_1200/imago0261652676h.jpg,2026-09-11T03:12:48Z,,"Die Presse auf Google als bevorzugte Nachrichtenquelle hinzufügen.
 Der Energieexperte und frühere E-Control-Chef Walter Boltz geht davon aus, dass die Energiepreise noch um 20 bis 30 Prozent steige… [+1656 chars]",,de,'Gaspreis'
https://www.zeit.de/politik/2026-09/9-11-jahrestag-opfer-gedenken-nachrichtenpodcast,https://www.zeit.de/politik/2026-09/9-11-jahrestag-opfer-gedenken-nachrichtenpodcast,0,www.zeit.de,9/11-Jahrestag: Welche Folgen 9/11 nach 25 Jahren hat,Tausende erkrankten oder starben an den Spätfolgen des Terrors vom 11. September 2001. Jetzt erinnert erstmals ein Moment der Stille an sie. Und: Putins Schattenflotte,https://img.zeit.de/gesellschaft/zeitgeschehen/2026-09/9-11-jahrestag-opfer-gedenken-nachrichtenpodcast/wide__1300x731,2026-09-11T04:00:14Z,,Die Terroranschläge vom 11. September 2001 jähren sich heute zum 25. Mal. Damals entführten Terroristen der islamistischen Terrorgruppe Al-Kaida vier Passagierflugzeuge. Sie lenkten zwei Flugzeuge in… [+1986 chars],,de,'Schattenflotte'
https://www.faz.net/aktuell/politik/inland/die-kosten-der-abhaengigkeit-von-russischem-gas-accg-201213548.html,https://www.faz.net/aktuell/politik/inland/die-kosten-der-abhaengigkeit-von-russischem-gas-accg-201213548.html,0,www.faz.net,Gaslieferungen: Was Deutschland die Abhängigkeit von Russland gekostet hat,"Um die Folgen des Stopps der russischen Gaslieferungen 2022 abzumildern, verkündete Olaf Scholz den „Doppelwumms“. 200 Milliarden waren dafür vorgesehen. Was wurde aus dem Geld?",https://media0.faz.net/image/w1200h627/f86d18ad0837/w3000h1567x0y165o/202209/43600.0.1181880814/bundeskanzler-olaf-scholz-spd.webp,2026-09-11T04:30:00Z,,"Die höchste Inflationsrate seit Anfang der Fünfzigerjahre, hohe Gas- und Strompreise: Das war die Lage in Deutschland im September 2022 infolge der russischen Vollinvasion in die Ukraine. Um die Ener… [+4828 chars]",,de,'Russland Abhängigkeit'
https://www.welt.de/finanzen/plus6aa2b860181cb962d488adef/aktien-festgeld-immobilienkredit-was-die-neue-zinswelt-fuer-ihr-vermoegen-bedeutet.html,https://www.welt.de/finanzen/plus6aa2b860181cb962d488adef/aktien-festgeld-immobilienkredit-was-die-neue-zinswelt-fuer-ihr-vermoegen-bedeutet.html,0,www.welt.de,Neuer Wettlauf am Tagesgeldmarkt,"Die EZB hat den Leitzins erneut angehoben und rechnet länger mit hoher Inflation. Für Sparer, Anleger und Kreditnehmer läuft die Zinswende jedoch anders als die Lehrbuchlogik vermuten lässt. WELT erklärt, was auf Verbraucher zukommt.",https://images.welt.de/6aa2b860181cb962d488adef/96329c85b007af725ea1f670f6c7d109/ci16x9-w1200/dwosb-bauzinsen-cg-jpg,2026-09-11T05:36:19Z,,"Die EZB hat den Leitzins erneut angehoben und rechnet länger mit hoher Inflation. Für Sparer, Anleger und Kreditnehmer läuft die Zinswende jedoch anders als die Lehrbuchlogik vermuten lässt. WELT erk… [+33 chars]",,de,'Inflation'
https://www.tagesschau.de/wirtschaft/finanzen/marktberichte/marktbericht-dax-dow-ezb-anleiherenditen-100.html,https://www.tagesschau.de/wirtschaft/finanzen/marktberichte/marktbericht-dax-dow-ezb-anleiherenditen-100.html,0,www.tagesschau.de,Marktbericht: EZB-Zinserhöhung vergrault die Anleger,"Die Ölpreise steigen, Leitzinsen, Anleiherenditen und Inflation ebenfalls. Die Zeiten für die Anleger am Aktienmarkt sind derzeit schwierig - der DAX dürfte weiter zurückfallen und sein Wochenminus ausbauen.",https://images.tagesschau.de/image/5c52df02-e6ba-4229-a355-64a0f5be2ce1/AAABnLJUK0w/AAABnSSvrFg/16x9-big/boerse-492.jpg?width=1280,2026-09-11T05:37:44Z,,"Stand: 11.09.2026 07:37 Uhr
Die Ölpreise steigen, Leitzinsen, Anleiherenditen und Inflation ebenfalls. Die Zeiten für die Anleger am Aktienmarkt sind derzeit schwierig - der DAX dürfte weiter zurück… [+3391 chars]",,de,'Inflation'
https://www.focus.de/politik/ausland/bis-heute-galt-dieses-gebiet-als-sicher-ukrainische-drohnen-legen-3000-km-zurueck-um-wichtige-gasanlagen-in-der-russischen-arktis-anzugreifen_75d2e825-89ef-4c16-9c68-9a632284f7eb.html,https://www.focus.de/politik/ausland/bis-heute-galt-dieses-gebiet-als-sicher-ukrainische-drohnen-legen-3000-km-zurueck-um-wichtige-gasanlagen-in-der-russischen-arktis-anzugreifen_75d2e825-89ef-4c16-9c68-9a632284f7eb.html,0,www.focus.de,"„Bis heute galt dieses Gebiet als sicher“ – Ukrainische Drohnen legen 3000 km zurück, um wichtige Gasanlagen in der russischen Arktis anzugreifen","Der Ukraine-Krieg erreicht Regionen, die in Russland lange als sicher galten. In Nowy Urengoi brannte nach einem Angriff eine wichtige Gasanlage.","https://quadro.burda-forward.de/ctf/265c15ed-4539-4bca-8b92-5ed22a65149b.cea989d8-d1dc-4962-86bc-2e5203494016.jpg?im=RegionOfInterestCrop=(1200,630),regionOfInterest=(902,659)&hash=ade0abbb88f8bec81779a51342b8af340f32b80c65aa096bde04c5f46107c67c",2026-09-11T06:13:00Z,,"Die Ukraine hat nach eigenen Angaben erstmals einen Gasstandort im hohen Norden Russlands angegriffen, etwa 3000 Kilometer von der Grenze entfernt. In Nowy Urengoi im autonomen Kreis der Jamal-Nenzen… [+2734 chars]",,de,'Russland Gas'
https://www.diepresse.com/41246610/ueber-1000-drohnenfluege-oesterreichs-unternehmen-sind-bei-sabotage-aus,https://www.diepresse.com/41246610/ueber-1000-drohnenfluege-oesterreichs-unternehmen-sind-bei-sabotage-aus,0,www.diepresse.com,Über 1000 Drohnenflüge: Österreichs Unternehmen sind bei Sabotage aus der Luft zum Zuschauen verdammt [premium],"Wie gut sind heimische Kraftwerke, Raffinerien und Netze geschützt? Bisher unveröffentlichte Daten zeigen über tausend Drohnenflüge in wenigen Wochen über kritischer Infrastruktur in Österreich. Die Betreiber haben wenig Chance, dagegen anzukämpfen.",https://img.diepresse.com/public/incoming/l5b9dt-gettyimages-1216409711jpg/alternates/WEBP_WIDE_1200/GettyImages-1216409711.jpg,2026-09-11T06:20:51Z,,Seit dieser Woche haben die Anschläge auf das deutsche Stromnetz ein Gesicht. Die Polizei verhaftete den 48-jährigen Daniel V. als mutmaßlichen Täter. Laut einem Bekennerschreiben soll er aus Sorge u… [+5428 chars],,de,'Gazprom'
https://www.welt.de/wirtschaft/article6aa3a169240b302c8a840e76/ukraine-krieg-brutal-teuer-gaskrise-2022-kostete-den-bund-50-4-milliarden-euro.html,https://www.welt.de/wirtschaft/article6aa3a169240b302c8a840e76/ukraine-krieg-brutal-teuer-gaskrise-2022-kostete-den-bund-50-4-milliarden-euro.html,0,www.welt.de,"„Abhängigkeit war brutal teuer“ – Gaskrise 2022 kostete Bund 50,4 Milliarden Euro","Der Bund gab in der Gaskrise nach Russlands Angriff auf die Ukraine 50,4 Milliarden Euro für Entlastungen und die Stabilisierung der Märkte aus. Grüne rechnen die Rettung des Gashändlers Uniper hinzu und kommen auf 71,7 Milliarden Euro.",https://images.welt.de/6aa3a169240b302c8a840e76/e5feffb447f3fb57248a79f87724b66a-master/ci16x9-w1200/614376325-jpg,2026-09-11T07:31:20Z,,"Der Bund gab in der Gaskrise nach Russlands Angriff auf die Ukraine 50,4 Milliarden Euro für Entlastungen und die Stabilisierung der Märkte aus. Grüne rechnen die Rettung des Gashändlers Uniper hinzu… [+2941 chars]",,de,'Gaspreis'
https://www.focus.de/finanzen/huthi-sollen-hafenstadt-mokka-im-jemen-erobert-haben-der-oelpreis-steigt-auf-fast-110-us-dollar_d5de4065-98ac-407e-bace-50b11d95d2ee.html,https://www.focus.de/finanzen/huthi-sollen-hafenstadt-mokka-im-jemen-erobert-haben-der-oelpreis-steigt-auf-fast-110-us-dollar_d5de4065-98ac-407e-bace-50b11d95d2ee.html,0,www.focus.de,Huthi sollen Hafenstadt Mokka im Jemen erobert haben – der Ölpreis steigt auf fast 110 US-Dollar,"Die Huthi sollen Mokka nahe Bab al-Mandab erobert haben. Öl und Gas verteuern sich. Was der Konflikt für Sprit, Heizöl und Gas in Deutschland bedeutet.","https://quadro.burda-forward.de/ctf/a7a25d7b-0731-45a8-bc11-713a8ffadf2b.e4db8e43-21b5-4f55-b306-315a2faf5cfc.jpeg?im=RegionOfInterestCrop=(1200,630),regionOfInterest=(999,291)&hash=f462e99fae34eaa332cb63f7fcc8c6612a5184b29e12eeb83e2aba43632b9549",2026-09-11T07:34:00Z,,Die Huthi-Miliz soll nach Angaben aus jemenitischen Militärkreisen und Augenzeugenberichten die strategisch wichtige Hafenstadt Mokka an der Westküste des Jemens eingenommen haben. Mokka liegt unmitt… [+9128 chars],,de,'Erdgas Russland'
https://www.zeit.de/news/2026-09/11/bund-gab-50-milliarden-euro-fuer-folgen-der-energiekrise-aus,https://www.zeit.de/news/2026-09/11/bund-gab-50-milliarden-euro-fuer-folgen-der-energiekrise-aus,0,www.zeit.de,Folgen des Ukraine-Kriegs: Bund gab 50 Milliarden Euro für Folgen der Energiekrise aus,Hier finden Sie Informationen zu dem Thema „Folgen des Ukraine-Kriegs“. Lesen Sie jetzt „Bund gab 50 Milliarden Euro für Folgen der Energiekrise aus“.,https://img.zeit.de/news/2026-09/11/bund-gab-50-milliarden-euro-fuer-folgen-der-energiekrise-aus-image-group/wide__1300x731,2026-09-11T07:41:20Z,,"Die Bundesregierung hat rund 50,4 Milliarden Euro ausgegeben, um Verbraucher in der Energiekrise zu entlasten und die Märkte zu stabilisieren. Das geht aus einer Antwort des Bundesfinanzministeriums … [+1637 chars]",,de,'Energiekrise'
https://www.zeit.de/politik/deutschland/2026-09/energiekrise-ausgaben-bund-strompreisbremse-gaspreisbremse,https://www.zeit.de/politik/deutschland/2026-09/energiekrise-ausgaben-bund-strompreisbremse-gaspreisbremse,0,www.zeit.de,Energiekrise: Bund hat 50 Milliarden Euro für Folgen der Energiekrise ausgegeben,"Um Verbraucherinnen zu entlasten, wurden in der Energiekrise rund 50 Milliarden Euro ausgegeben. Die größten Kosten sind für die Strom- und Gaspreisbremse angefallen.",https://img.zeit.de/politik/deutschland/2026-09/energiekrise-ausgaben-bund-strompreisbremse-gaspreisbremse-foto-1/wide__1300x731,2026-09-11T08:05:49Z,,"Die Bundesregierung hat rund 50,4 Milliarden Euro ausgegeben, um Verbraucher in der Energiekrise im Jahr 2022 zu entlasten und die Märkte zu stabilisieren. Das geht aus einer Antwort des Bundesfinanz… [+2744 chars]",,de,'Energiekrise'
https://www.n-tv.de/wirtschaft/Bund-kostete-Putins-Gas-Erpressung-mindestens-50-Milliarden-Euro-id31294556.html,https://www.n-tv.de/wirtschaft/Bund-kostete-Putins-Gas-Erpressung-mindestens-50-Milliarden-Euro-id31294556.html,0,www.n-tv.de,Maßnahmen gegen Preisexplosion: Bund kostete Putins Gas-Erpressung mindestens 50 Milliarden Euro,"Strompreisbremse, Energiepreispauschale, Gaspreisbremse: Die Bundesregierung greift im Herbst 2022 auf allerhand Maßnahmen zurück, um die Folgen des russischen Angriffskriegs auf die Ukraine hierzulande abzufedern. Am Ende kostet das Milliarden Euro - und es …",https://www.n-tv.de/img/31294557/1789115378/Img_16_9/1200/617958793.jpg,2026-09-11T08:10:23Z,,"Kurz nach dem russischen Überfall auf die Ukraine floss kein Gas mehr durch Nord Stream 1. (Foto: picture alliance/dpa)
Strompreisbremse, Energiepreispauschale, Gaspreisbremse: Die Bundesregierung g… [+2401 chars]",,de,'Gaspreisbremse'
https://www.zeit.de/news/2026-09/11/lagarde-inflation-wird-schlimmer-bevor-sie-besser-wird,https://www.zeit.de/news/2026-09/11/lagarde-inflation-wird-schlimmer-bevor-sie-besser-wird,0,www.zeit.de,"Geldpolitik: Lagarde: «Inflation wird schlimmer, bevor sie besser wird»","Hier finden Sie Informationen zu dem Thema „Geldpolitik“. Lesen Sie jetzt „Lagarde: «Inflation wird schlimmer, bevor sie besser wird»“.",https://img.zeit.de/news/2026-09/11/lagarde-inflation-wird-schlimmer-bevor-sie-besser-wird-image-group/wide__1300x731,2026-09-11T08:20:18Z,,EZB-Präsidentin Christine Lagarde macht den Menschen im Euroraum Hoffnung auf mittelfristig wieder sinkende Inflationsraten. «In unseren aktuellen Prognosen steigt die Inflation bis Ende '26 weiter. … [+1733 chars],,de,'Inflation'
https://www.zeit.de/politik/deutschland/2026-09/energiekrise-ausgaben-bund-strompreisbremse-gaspreisbremse-gxe,https://www.zeit.de/politik/deutschland/2026-09/energiekrise-ausgaben-bund-strompreisbremse-gaspreisbremse-gxe,0,www.zeit.de,"Energiekrise: Gaskrise 2022 kostete den Bund 50,4 Milliarden Euro","Um Verbraucherinnen zu entlasten, wurden in der Energiekrise rund 50 Milliarden Euro ausgegeben. Die größten Kosten fielen 2022 für die Strom- und Gaspreisbremse an.",https://img.zeit.de/politik/deutschland/2026-09/energiekrise-ausgaben-bund-strompreisbremse-gaspreisbremse-foto-1/wide__1300x731,2026-09-11T08:28:22Z,,"Die Bundesregierung hat rund 50,4 Milliarden Euro ausgegeben, um Verbraucher in der Energiekrise im Jahr 2022 zu entlasten und die Märkte zu stabilisieren. Das geht aus einer Antwort des Bundesfinanz… [+2747 chars]",,de,'Gaspreisbremse'
https://www.zeit.de/wirtschaft/2026-09/gasspeicher-deutschland-fuellstand-gaspreise-italien-subvention,https://www.zeit.de/wirtschaft/2026-09/gasspeicher-deutschland-fuellstand-gaspreise-italien-subvention,0,www.zeit.de,Lage der Gasspeicher: Nun bringt auch noch Italien die deutsche Gasversorgung unter Druck,"Italien erhöht den Anreiz, mehr Gas aus Deutschland zu importieren. Das könnte Folgen für den Winter haben. Ministerin Reiche aber setzt weiter auf den Markt.",https://img.zeit.de/wirtschaft/2026-09/gasspeicher-deutschland-fuellstand-gaspreise-italien-subvention-bild-2/wide__1300x731,2026-09-11T10:13:02Z,,"Ein strahlend blauer Bergsee, viel Geröll, karge Alpenlandschaft: Der Griespass (Passo del Gries) über die Alpen zwischen der Schweiz und Italien war früher eine viel genutzte Handelsroute. Heute eri… [+824 chars]",,de,'Gasversorgung'
https://www.faz.net/aktuell/finanzen/ezb-zinserhoehung-ein-vernuenftiger-zinsschritt-201211056.html,https://www.faz.net/aktuell/finanzen/ezb-zinserhoehung-ein-vernuenftiger-zinsschritt-201211056.html,0,www.faz.net,Europäische Zentralbank: Gebotener Zinsschritt,"Die Inflation ist nach wie vor zum allergrößten Teil durch höhere Energiepreise geprägt. Trotzdem ist es richtig, dass die EZB die Zinsen anhebt.",https://media0.faz.net/image/w1200h627/84259a04ac06/w6144h3210x0y431o/202609/43601.0.2515521948/die-europaeische-zentralbank.webp,2026-09-11T10:21:30Z,,"Die Europäische Zentralbank (EZB) erhöht nach Juni abermals die Leitzinsen, um 0,25 Prozentpunkte. Das ist keine Überraschung. An den Finanzmärkten war das weitgehend erwartet worden. Trotzdem war de… [+2099 chars]",,de,'Energiepreise'
https://www.teltarif.de/tadox-smarthome-heizkosten-sparen/news/101599.html,https://www.teltarif.de/tadox-smarthome-heizkosten-sparen/news/101599.html,0,www.teltarif.de,Heizkosten senken: tado X Starter-Kit bei tink bietet mehr als Amazon,"Das tado X Starter-Kit kombiniert drei smarte Heizkörperthermostate mit der Bridge X. Bei tink kostet das Set aktuell 188,95 Euro.",https://www.teltarif.de/img/arch/2026/kw04/tadox-smarthome-heizkostensparen-1og.jpg,2026-09-11T11:40:00Z,,"Wer Heizkosten sparen möchte, kann mit smarten Heiz­körper­ther­mostaten die Raum­tempe­ratur gezielter steuern. Bei tink ist das tado X Starter Kit mit drei smarten Heiz­körper-Ther­mostaten und der… [+3387 chars]",,de,'Heizkosten'
https://www.focus.de/politik/deutschland/energiekrise-nach-russlands-angriff-auf-die-ukraine-staatliche-hilfen-kosteten-den-bund-ueber-50-milliarden-euro_a6c7cea4-40de-454b-a6b6-21dcff9f3057.html,https://www.focus.de/politik/deutschland/energiekrise-nach-russlands-angriff-auf-die-ukraine-staatliche-hilfen-kosteten-den-bund-ueber-50-milliarden-euro_a6c7cea4-40de-454b-a6b6-21dcff9f3057.html,0,www.focus.de,Energiekrise nach Russlands Angriff auf die Ukraine: Staatliche Hilfen kosteten den Bund über 50 Milliarden Euro,"Strom- und Gaspreisbremse, Soforthilfen und Energiepauschalen summierten sich auf rund 50,4 Milliarden Euro. Allein die Strompreisbremse kostete 16,3 Milliarden Euro.","https://quadro.burda-forward.de/ctf/1b199921-8043-4904-88fc-bf20a4c60fb0.241da7c7-6897-4dfd-a515-ca9dbd9677af.jpeg?im=RegionOfInterestCrop=(1200,630),regionOfInterest=(1024,660)&hash=8ceb099b6e026c38e976034f110f9d4db7fb93b2f920af4df12e7ef25edb0381",2026-09-11T13:05:00Z,,"Die staatlichen Unterstützungsmaßnahmen in der Energiekrise nach dem russischen Angriff auf die Ukraine im Februar 2022 haben die Bundesregierung rund 50,4 Milliarden Euro gekostet.
Das geht aus ein… [+4216 chars]",,de,'Strompreisbremse'
https://www.tagesspiegel.de/politik/dpa-energiehilfen-kosteten-die-bundesregierung-504-milliarden-euro-16042851.html,https://www.tagesspiegel.de/politik/dpa-energiehilfen-kosteten-die-bundesregierung-504-milliarden-euro-16042851.html,0,www.tagesspiegel.de,"Der „Doppelwumms“ hatte seinen Preis: Energiehilfen kosteten die Bundesregierung 50,4 Milliarden Euro",Hilfen wie die Strom- und Gaspreisbremsen haben den Staat seit 2022 mehr als 50 Milliarden Euro gekostet. Nun wird auch vor neuen Abhängigkeiten gewarnt.,https://www.tagesspiegel.de/images/16042877/alternates/BASE_16_9_W1400/1789131744000/gasherd.jpeg,2026-09-11T13:16:38Z,,"Die staatlichen Unterstützungsmaßnahmen in der Energiekrise nach dem russischen Angriff auf die Ukraine im Februar 2022 haben die Bundesregierung rund 50,4 Milliarden Euro gekostet. Das geht aus eine… [+4397 chars]",,de,'Gaspreis'
https://www.teltarif.de/gas-heizen-gasspeicher-winter/news/106013.html,https://www.teltarif.de/gas-heizen-gasspeicher-winter/news/106013.html,0,www.teltarif.de,Gasspeicher auf Rekordtief: Droht Winter-Engpass?,"Gasspeicher nur zur Hälfte gefüllt: Während die Energiebranche vor Engpässen warnt, sieht die Regierung noch keinen Grund zur Sorge.",https://www.teltarif.de/img/arch/2026/kw37/gas-heizen-gasspeicher-winter-1og.jpg,2026-09-11T13:50:00Z,,Harter Spar-Winter im Anmarsch? Die deutschen Gasspeicher sind so leer wie nie zuvor zu dieser Jahreszeit. Anfang September standen nur noch rund 53 Prozent des Fassungs­vermö­gens zur Verfügung  ei… [+5243 chars],,de,'Gasspeicher'
https://www.zeit.de/wirtschaft/2026-09/sondergebuehr-solaranlagen-bundesnetzagentur-stromnetz-energiewende,https://www.zeit.de/wirtschaft/2026-09/sondergebuehr-solaranlagen-bundesnetzagentur-stromnetz-energiewende,0,www.zeit.de,Sondergebühr für Solaranlagen: Und jetzt auch noch ein Stromnetzsoli,"Einst galten private Solaranlagenbesitzer als Vorbild, nun will die Netzagentur sie mit einer Sondergebühr strafen – und das ist nicht der erste Schlag. Langsam reicht´s!",https://img.zeit.de/wirtschaft/2026-09/sondergebuehr-solaranlagen-bundesnetzagentur-stromnetz-energiewende-bild/wide__1300x731,2026-09-11T14:52:35Z,,"Das läuft gerade ziemlich blöd für die Besitzer von Solaranlagen. Die Bundesnetzagentur möchte ihnen eine neue Gebühr aufdrücken. Eine Art Stromnetz-Soli, so beschwichtigt sie, und angeblich auch nur… [+931 chars]",,de,'Bundesnetzagentur'
https://www.zeit.de/politik/ausland/2026-09/huthis-miliz-insel-jemen-bab-al-mandab-meerenge,https://www.zeit.de/politik/ausland/2026-09/huthis-miliz-insel-jemen-bab-al-mandab-meerenge,0,www.zeit.de,Huthi-Miliz: Diese Eroberung hat Folgen für die ganze Welt,Die Huthis haben die gesamte jemenitische Küste am Roten Meer erobert. Für die USA und Israel ist das eine Katastrophe – und auch für die globale Energieversorgung.,https://img.zeit.de/politik/ausland/2026-09/huthis-miliz-insel-jemen-bab-al-mandab-meerenge-bild-2/wide__1300x731,2026-09-11T15:33:23Z,,"Es ist vielleicht nur ein Zufall, dass ausgerechnet an diesem Tag dem 25. Jahrestag der Terrorangriffe vom 11. September 2001  Hiobsbotschaften aus der arabischen Welt die Nachrichten bestimmen. Aber… [+675 chars]",,de,'Energieversorgung'
https://www.zeit.de/news/2026-09/12/behoerde-gasspeicher-koennten-schon-jetzt-fuer-winter-reichen,https://www.zeit.de/news/2026-09/12/behoerde-gasspeicher-koennten-schon-jetzt-fuer-winter-reichen,0,www.zeit.de,Bald beginnt die Heizperiode: Behörde: Gasspeicher könnten schon jetzt für Winter reichen,Hier finden Sie Informationen zu dem Thema „Bald beginnt die Heizperiode“. Lesen Sie jetzt „Behörde: Gasspeicher könnten schon jetzt für Winter reichen“.,https://img.zeit.de/news/2026-09/12/behoerde-gasspeicher-koennten-schon-jetzt-fuer-winter-reichen-image-group/wide__1300x731,2026-09-12T03:05:05Z,,"Die Bundesnetzagentur ist Bedenken entgegengetreten, dass Deutschlands Gasspeicher in diesem Winter nicht ausreichen könnten für die Gasversorgung. «Wir haben jetzt schon etwas mehr Gas in den Speich… [+2475 chars]",,de,'Winter Gas'
https://www.tagesspiegel.de/wirtschaft/dpa-bald-beginnt-die-heizperiode-16044654.html,https://www.tagesspiegel.de/wirtschaft/dpa-bald-beginnt-die-heizperiode-16044654.html,0,www.tagesspiegel.de,Bald beginnt die Heizperiode: Behörde: Gasspeicher könnten schon jetzt für Winter reichen,"Der Herbst naht, bald brauchen Millionen Haushalte wieder viel mehr Gas für ihre Heizung. Doch Deutschlands Gasspeicher sind nicht allzu voll. Die Bundesnetzagentur teilt die Bedenken nicht.",https://www.tagesspiegel.de/images/16044653/alternates/BASE_16_9_W1400/1789182380000/gasspeicher-etzel.jpeg,2026-09-12T03:06:20Z,,"Die Bundesnetzagentur ist Bedenken entgegengetreten, dass Deutschlands Gasspeicher in diesem Winter nicht ausreichen könnten für die Gasversorgung. Wir haben jetzt schon etwas mehr Gas in den Speiche… [+2135 chars]",,de,'Heizperiode'
https://www.nzz.ch/wissenschaft/maiswuesten-oder-fracking-deutschland-sucht-verzweifelt-nach-mehr-gas-ld.10009763,https://www.nzz.ch/wissenschaft/maiswuesten-oder-fracking-deutschland-sucht-verzweifelt-nach-mehr-gas-ld.10009763,0,www.nzz.ch,Maiswüsten oder Fracking: Deutschland sucht verzweifelt nach mehr Gas,"Gas als Energieträger wird knapp, gleichzeitig soll in Deutschland – wie in der Schweiz – immer mehr Biomethan in das Netz eingespeist werden. Doch woher soll das kommen?","https://img-msp-prod.nzz.ch/2026/08/03/7b9071a9-f5e2-44fd-884a-46fbce7b439e.jpg?width=1200&height=675&fit=bounds&quality=75&auto=webp&crop=4593,2584,x0,y373&wmark=nzz",2026-09-12T03:30:00Z,,"Gas als Energieträger wird knapp, gleichzeitig soll in Deutschland  wie in der Schweiz  immer mehr Biomethan in das Netz eingespeist werden. Doch woher soll das kommen?
Andreas Frey12.09.2026, 05.30… [+9795 chars]",,de,'Gasmarkt'
https://www.tagesspiegel.de/wirtschaft/bis-zu-20-prozent-zum-jahreswechsel-moglich-experten-warnen-bei-gas-vor-preisschock-fur-verbraucher-16044805.html,https://www.tagesspiegel.de/wirtschaft/bis-zu-20-prozent-zum-jahreswechsel-moglich-experten-warnen-bei-gas-vor-preisschock-fur-verbraucher-16044805.html,0,www.tagesspiegel.de,„Bis zu 20 Prozent zum Jahreswechsel möglich“: Experten warnen bei Gas vor Preisschock für Verbraucher,Die Gasspeicher sind relativ gering gefüllt und wegen des Iran-Kriegs liegen die Energiekosten schon hoch. Und es könnte noch teurer werden. Die zuständige Behörde sieht die Versorgung aber nicht gefährdet.,https://www.tagesspiegel.de/images/16044808/alternates/BASE_16_9_W1400/1789196880000/erdgasleitung.jpeg,2026-09-12T07:28:39Z,,Seit mehr als sechs Monaten tobt der Krieg im Nahen Osten. Die Auswirkungen des Konflikts zwischen den USA und Israel auf der einen und dem Iran auf der anderen Seite spüren auch die Verbraucher im W… [+4476 chars],,de,'Bundesnetzagentur'
https://www.zeit.de/wirtschaft/2026-09/strom-gas-tarif-wechsel-verbrauch-kosten-vergleich,https://www.zeit.de/wirtschaft/2026-09/strom-gas-tarif-wechsel-verbrauch-kosten-vergleich,0,www.zeit.de,Strom- und Gastarif: Wie Sie jetzt den günstigsten Strom- und Gasvertrag finden,"Gaspreis hoch, Strompreis schwankend: Ob es sich lohnt, jetzt den Stromanbieter zu wechseln, hängt vom Vertrag und vom Verbrauch ab. Worauf Sie jetzt achten sollten.",https://img.zeit.de/wirtschaft/2026-09/strom-gas-tarif-wechsel-verbrauch-kosten-vergleich-bild/wide__1300x731,2026-09-12T07:51:56Z,,"Schließen
Artikelzusammenfassung
Steigende Energiepreise machen den Winter zur Kostenfrage. Der Artikel rät zunächst nicht pauschal zum Wechsel, sondern vor allem Kunden in der Grundversorgung, nac… [+1038 chars]",,de,'Gaspreis'
https://www.zeit.de/politik/ausland/2026-09/schattenflotte-russland-wladimir-putin-schiffe-ukraine,https://www.zeit.de/politik/ausland/2026-09/schattenflotte-russland-wladimir-putin-schiffe-ukraine,0,www.zeit.de,Schattenflotte: Wie Deutschland Putins Öltankern schaden könnte,"Die Schattenflotte finanziert Russlands Krieg gegen die Ukraine. Deutschland tut sich schwer, gegen die oft maroden Schiffe vorzugehen. Andere Länder sind da weiter.",https://img.zeit.de/politik/ausland/2026-09/schattenflotte-russland-wladimir-putin-schiffe-ukraine-teaser/wide__1300x731,2026-09-12T09:41:44Z,,"Schließen
Artikelzusammenfassung
Schwedens Vorgehen gegen den Tanker Jin Hui setzt ein Signal. Anfang Mai stoppte die Küstenwache das mutmaßliche Schiff der russischen Schattenflotte wegen des Verd… [+1157 chars]",,de,'Russland Öltanker'
https://www.n-tv.de/politik/Deutschland-sollte-auf-hybride-Angriffe-antworten-auch-auf-See-id31296646.html,https://www.n-tv.de/politik/Deutschland-sollte-auf-hybride-Angriffe-antworten-auch-auf-See-id31296646.html,0,www.n-tv.de,Russlands Schattenflotte: Deutschland sollte auf hybride Angriffe antworten - auch auf See,"Desinformationskampagnen, Sabotageaktionen, Angriffe auf Umspannwerke, der gescheiterte Drohnenanschlag am Leipziger Flughafen - Moskau fährt seine hybriden Angriffe gegen Deutschland hoch. Berlin sollte darauf entschlossen, aber bedacht reagieren. Auf auf Se…",https://www.n-tv.de/img/30883529/1780405295/Img_16_9/1200/598455884.jpg,2026-09-12T11:00:50Z,,"Ein Schiff der französischen Marine fährt an dem russischen Öltanker ""Tagor"" vorbei, der im Verdacht steht, unter falscher kamerunischer Flagge zu fahren. Die französische Marine enterte ihn Ende Mai… [+7086 chars]",,de,'Schattenflotte'
https://www.tagesschau.de/wirtschaft/verbraucher/gas-speicher-preise-102.html,https://www.tagesschau.de/wirtschaft/verbraucher/gas-speicher-preise-102.html,0,www.tagesschau.de,Bundesnetzagentur stellt klar - Gasspeicher sind ausreichend gefüllt,"Im kommenden Winter brauchen Millionen Haushalte wieder Gas für ihre Heizung - und die Sorge ist groß, dass dieses Jahr nicht genug Gas eingespeichert wurde. Die Bundesnetzagentur gibt nun Entwarnung: Die Speicher seien voll genug. Doch die Preise könnten ste…",https://images.tagesschau.de/image/0173b96b-ffef-419e-afcf-6e7714cce86c/AAABoJXHNdk/AAABnSSvrFg/16x9-big/gasspeicher-278.jpg?width=1280,2026-09-12T13:20:55Z,,"Stand: 12.09.2026 15:20 Uhr
Im kommenden Winter brauchen Millionen Haushalte wieder Gas für ihre Heizung - und die Sorge ist groß, dass dieses Jahr nicht genug Gas eingespeichert wurde. Die Bundesne… [+1508 chars]",,de,'Winter Gas'
https://www.zeit.de/geld/2026-09/inflation-ezb-preissteigerung-oel-gas-verbraucher,https://www.zeit.de/geld/2026-09/inflation-ezb-preissteigerung-oel-gas-verbraucher,0,www.zeit.de,Inflation: Wird jetzt alles noch teurer?,Fast schien die Inflation unter Kontrolle. Doch jetzt steigen Öl- und Gaspreise rasant. Die Finanzmärkte sind alarmiert. Müssen Verbraucher es auch sein?,https://img.zeit.de/geld/2026-09/inflation-ezb-preissteigerung-oel-gas-verbraucher-bild-2/wide__1300x731,2026-09-12T16:26:21Z,,"Schließen
Artikelzusammenfassung
Eine teurere Packung Butter macht vielen Deutschen die Rückkehr der Inflation plötzlich greifbar. Auslöser der neuen Sorge sind der Krieg mit Iran, die blockierte S… [+1059 chars]",,de,'Inflation'
https://www.morgenpost.de/politik/article413062432/die-haerteste-truppe-der-bundeswehr-bald-im-einsatz-gegen-putins-schattenflotte.html,https://www.morgenpost.de/politik/article413062432/die-haerteste-truppe-der-bundeswehr-bald-im-einsatz-gegen-putins-schattenflotte.html,0,www.morgenpost.de,Die härteste Truppe der Bundeswehr: Bald im Einsatz gegen Putins Schattenflotte?,Elitesoldaten der Bundeswehr trainieren auf der Ostsee den Ernstfall. Ihre Einsätze bleiben meist geheim – und gelten als besonders riskant.,https://img.sparknews.funkemedien.de/413114091/413114091_1789236648_v16_9_1600.jpeg,2026-09-12T18:10:49Z,,"Von Jan Jessen (Text) und André Hirtz (Bilder)
12.09.2026, 20:10 Uhr
Es wird hektisch. Der Bootsführer schreit: Dreh, dreh, dreh! Der Fahrer zieht das Boot herum. Rechtes Ziel, Feuer frei! Der Bugs… [+8772 chars]",,de,'Schattenflotte'
https://www.diepresse.com/41257580/wifo-chef-erwartet-hoehere-energiepreise-und-dadurch-einen,https://www.diepresse.com/41257580/wifo-chef-erwartet-hoehere-energiepreise-und-dadurch-einen,0,www.diepresse.com,Wifo-Chef erwartet höhere Energiepreise und dadurch einen Inflationsanstieg,"Die BIP-Prognose fürs laufende Jahr wird vom Wirtschaftsforschungsinstitut wohl abgesenkt, Wifo-Chef Felbermayer fordert: „Ausflüge des Gaspreises nach oben müssen vom Strompreis abgekoppelt werden.“",https://img.diepresse.com/public/incoming/4fmrrb-kein-titel/alternates/WEBP_WIDE_1200/kein%20Titel,2026-09-13T10:18:17Z,,"Die Presse auf Google als bevorzugte Nachrichtenquelle hinzufügen.
 Wie viele andere Experten erwartet auch Wifo-Chef Gabriel Felbermayer steigende Energiepreise wegen der Konflikte im Nahen Osten. … [+3059 chars]",,de,'Gaspreis'
https://orf.at/stories/3442035/,https://orf.at/stories/3442035/,0,orf.at,WIFO-Chef erwartet steigende Inflation,"Die weltpolitische Lage bietet für Gabriel Felbermayr, Chef des Wirtschaftsforschungsinstituts (WIFO), wenig Anlass zu Optimismus. Eine neue Welle gestiegener Energiepreise erfasse Österreich, die Inflation werde in der Folge über drei Prozent steigen, so Fel…",https://ibs.orf.at/news?image=https%3A%2F%2Fassets.orf.at%2Fmims%2F2026%2F38%2F96%2Fcrops%2Fw%3D1200%2Ch%3D630%2Cq%3D75%2F3181245_master_1233696_pressestunde_felbermayr_wifo_o.jpg%3Fs%3Df5b7f8dd578db8f1d95f505b6c9f63d78499fe23,2026-09-13T11:39:43Z,,"Man kenne bereits solch hohe Gas- und Ölpreise aus der ersten Phase des Iran-Krieges. Nun werde Österreich von einer neuen Welle überrollt, so Felbermayr. Kurzzeitig habe der Preis für das Fass der Ö… [+5627 chars]",,de,'Energiepreise'
https://www.bild.de/sport/fussball/was-macht-der-torwart-da-hertha-kassiert-absurde-blackout-banane-6aa6c18c240b302c8a8436a5,https://www.bild.de/sport/fussball/was-macht-der-torwart-da-hertha-kassiert-absurde-blackout-banane-6aa6c18c240b302c8a8436a5,0,www.bild.de,Was macht der Torwart da? - Hertha kassiert absurde „Blackout-Banane“,"Tooor für VfL Osnabrück, 1:2 durch Jonathan Gómez Gómez lässt den VfL hoffen! Osnabrücks linker Schienenspieler will von der seitlichen Strafraumlinie ei...","https://images.bild.de/6aa6c18c240b302c8a8436a5/23651aef9f66ee0027a4975ad3db7216,20bf0c33?w=1280",2026-09-13T22:00:16Z,,"+++Giganten-Triumph +++ Nur Boris noch größer Zverev gewinnt die US Open!
+++Giganten-Triumph +++ Nur Boris noch größer Zverev gewinnt die US Open!
+++Giganten-Triumph +++ Nur Boris noch größer Zve… [+548 chars]",,de,'Blackout'
https://www.zeit.de/news/2026-09/14/klimaneutral-bis-2045-immer-mehr-firmen-geben-auf,https://www.zeit.de/news/2026-09/14/klimaneutral-bis-2045-immer-mehr-firmen-geben-auf,0,www.zeit.de,Energiepolitik: Klimaneutral bis 2045? Immer mehr Firmen geben auf,Hier finden Sie Informationen zu dem Thema „Energiepolitik“. Lesen Sie jetzt „Klimaneutral bis 2045? Immer mehr Firmen geben auf“.,https://img.zeit.de/news/2026-09/14/klimaneutral-bis-2045-immer-mehr-firmen-geben-auf-image-group/wide__1300x731,2026-09-14T02:00:11Z,,"Die baden-württembergische Industrie zweifelt einer Umfrage zufolge massiv am Zeitplan für die Klimaneutralität. Die Zahl an Betrieben, die erwarteten, bis spätestens 2045 klimaneutral sein zu können… [+1760 chars]",,de,'Energiepolitik'
https://www.sueddeutsche.de/politik/ukraine-krieg-russland-usa-trump-angriffe-raffinerien-dieselknappheit-li.3524928,https://www.sueddeutsche.de/politik/ukraine-krieg-russland-usa-trump-angriffe-raffinerien-dieselknappheit-li.3524928,0,www.sueddeutsche.de,Newsblog zum Ukraine-Krieg: Trump fordert von Selenskij Ende der Angriffe auf russische Raffinerien,"Der US-Präsident macht die Ukraine für eine weltweite Dieselknappheit verantwortlich. Dabei lässt er außen vor, dass die jüngste Energiekrise erst durch den Krieg gegen Iran ausgelöst wurde.",https://www.sueddeutsche.de/2025/12/22/ea70bf62-fca8-4408-99ee-d53f9db76502.jpg?q=60&fm=webp&width=1200&rect=0%2C194%2C4000%2C2250,2026-09-14T05:40:00Z,,"US-Präsident Donald Trump hat den ukrainischen Präsidenten Wolodimir Selenskij aufgerufen, Angriffe auf russische Raffinerien einzustellen, und ihn für eine weltweite Dieselknappheit verantwortlich g… [+2195 chars]",,de,'Energiekrise'
https://www.tagesschau.de/wirtschaft/finanzen/marktberichte/marktbericht-dax-dow-geldanlage-150.html,https://www.tagesschau.de/wirtschaft/finanzen/marktberichte/marktbericht-dax-dow-geldanlage-150.html,0,www.tagesschau.de,Marktbericht: Hoher Ölpreis verhagelt den Wochenstart,Die Aktienmärkte bleiben an den steigenden Ölpreis gekettet: Die Eskalation in Saudi-Arabien schürt die Sorgen vor einem weiteren Anziehen der Inflation. Mit Spannung blicken die Investoren auf den Zinsentscheid der US-Notenbank.,https://images.tagesschau.de/image/b67c6b6d-ed89-46e7-9b57-495550086b8e/AAABn1pS1lI/AAABnSSvrFg/16x9-big/boerse-524.jpg?width=1280,2026-09-14T05:47:11Z,,"Stand: 14.09.2026 07:47 Uhr
Die Aktienmärkte bleiben an den steigenden Ölpreis gekettet: Die Eskalation in Saudi-Arabien schürt die Sorgen vor einem weiteren Anziehen der Inflation. Mit Spannung bli… [+2709 chars]",,de,'Inflation'
https://www.diepresse.com/41260157/83-75-euro-pro-mwh-europaeischer-gaspreis-auf-hoechstem-stand-seit-2022,https://www.diepresse.com/41260157/83-75-euro-pro-mwh-europaeischer-gaspreis-auf-hoechstem-stand-seit-2022,0,www.diepresse.com,"83,75 Euro pro MWh: Europäischer Gaspreis auf höchstem Stand seit 2022 E",Der europäische Gaspreis hat sich in diesem Jahr bereits fast verdreifacht. In Österreich sind die Gasspeicher derzeit zu knapp 67 Prozent gefüllt.,https://img.diepresse.com/public/incoming/n967hb-imagost0820095500010170976309jpg/alternates/WEBP_WIDE_1200/imago_st_0820_09550001_0170976309.jpg,2026-09-14T08:39:02Z,,"Die Presse auf Google als bevorzugte Nachrichtenquelle hinzufügen.
 Der Preis für europäisches Erdgas ist am Montag wegen Angebotssorgen durch Lieferausfälle aus den Fördergebieten am Persischen Gol… [+2757 chars]",,de,'Gaspreis'
https://www.tagesspiegel.de/wirtschaft/dpa-millionen-menschen-in-deutschland-konnen-strom-und-gas-nicht-bezahlen-16049950.html,https://www.tagesspiegel.de/wirtschaft/dpa-millionen-menschen-in-deutschland-konnen-strom-und-gas-nicht-bezahlen-16049950.html,0,www.tagesspiegel.de,Zahlungsverzug bei Rechnungen: Millionen Menschen in Deutschland können Strom und Gas nicht bezahlen,Trotz leicht sinkender Energiepreise geraten weiterhin Millionen Haushalte in Deutschland bei Strom- und Gasrechnungen in Zahlungsverzug. Betroffen sind häufig Mieterinnen und Mieter.,https://www.tagesspiegel.de/images/16050942/alternates/BASE_16_9_W1400/1789387987000/stromkosten.jpeg,2026-09-14T12:33:28Z,,"Hohe Strom- und Gaspreise übersteigen bei Millionen Haushalten in Deutschland die finanziellen Möglichkeiten. Etwa 3,8 Millionen Menschen hierzulande lebten im Jahr 2025 nach eigenen Angaben in Haush… [+2705 chars]",,de,'Energiepreise'
https://www.morgenpost.de/wirtschaft/article413153670/pelletspreise-aktuell-14-september-preis-tonne-heute-holz-pellets-kaufen.html,https://www.morgenpost.de/wirtschaft/article413153670/pelletspreise-aktuell-14-september-preis-tonne-heute-holz-pellets-kaufen.html,0,www.morgenpost.de,Heizölpreise im aktuellen Überblick: Das kostet eine Tonne heute (14. September),"Preisexplosion beim Öl – und auch bei den Pellets? Wie sich die Kosten heute (14. September) entwickeln, zeigt unser aktueller Überblick.",https://img.sparknews.funkemedien.de/412762021/412762021_1786428885_v16_9_1600.jpeg,2026-09-14T13:15:53Z,,"Die Pelletspreise in Deutschland steigen seit Wochen. Und trotzdem können Verbraucherinnen und Verbraucher mit einer Pelletsheizung aufatmen: Blickt man auf die Preisexplosion beim Heizöl, kommen sie… [+6449 chars]",,de,'Energiekrise'
https://www.diepresse.com/41259045/ein-horrorszenario-fuer-den-oelpreis-und-nicht-nur-ihn,https://www.diepresse.com/41259045/ein-horrorszenario-fuer-den-oelpreis-und-nicht-nur-ihn,0,www.diepresse.com,Ein Horrorszenario für den Ölpreis – und nicht nur ihn [premium],Die Angriffe der jemenitischen Houthi-Rebellen auf Saudi-Arabien und der Stillstand der strategisch wichtigen Ost-West-Pipeline lassen den Energiemarkt verrückt spielen. Ölpreise von 120 Dollar je Fass sind nicht mehr unrealistisch. Der Gaspreis explodiert be…,https://img.diepresse.com/public/incoming/qitlys-afpc87x4lkjpg/alternates/WEBP_WIDE_1200/AFP_C87X4LK.jpg,2026-09-14T13:55:40Z,,"Sie war im Zuge des Iran-Kriegs die Rettung für Saudi-Arabien und die Ölversorgung auf der ganzen Welt: Die Ost-West-Pipeline, die es dem Königreich ermöglichte, ihren zentralen Rohstoff weiterhin in… [+5164 chars]",,de,'Gaspreis'
https://orf.at/stories/3442174/,https://orf.at/stories/3442174/,0,orf.at,Heimische Gasspeicher weniger gut gefüllt als in Vorjahren,,https://orf.at/mojo/1_4_1/storyserver//news/common/images/og-fallback-news.png,2026-09-14T16:39:36Z,,"Die Gasspeicher in Europa sind heuer deutlich weniger gut gefüllt als in den Vorjahren. Grund dafür ist der Iran-Krieg, der Gas verteuerte und es wirtschaftlich unattraktiv machte, es zu hohen Preise… [+1171 chars]",,de,'Gaspreis'
https://noe.orf.at/stories/3371162/,https://noe.orf.at/stories/3371162/,0,noe.orf.at,Energiepreise steigen: So lässt sich im Winter sparen,"Die Energiepreise sind zuletzt wieder deutlich gestiegen. Besonders kräftig verteuert haben sich Heizöl, Pellets und Gas. Haushalte müssen sich im kommenden Winter auf höhere Kosten einstellen. Mit einigen Maßnahmen lässt sich die Belastung aber zumindest etw…",https://ibs.orf.at/noe?image=https%3A%2F%2Foekastatic.orf.at%2Fmims%2F2023%2F06%2F94%2Fcrops%2Fw%3D1200%2Ch%3D627%2Cq%3D75%2F1667910_master_613994_strom.jpg%3Fs%3D16126214d4d0e018fa1cce52cebbe9351374955b,2026-09-14T17:05:27Z,,"Während Strom binnen eines Jahres um rund zwei Prozent teurer wurde, stieg der Gaspreis um fast zwölf Prozent. Bei Pellets beträgt das Plus etwa 28 Prozent, bei Heizöl sogar rund 48 Prozent.
Ein wes… [+2963 chars]",,de,'Gas sparen'
https://www.morgenpost.de/wirtschaft/article413155564/gaspreise-gruene-fordern-kuerzungsrecht-bei-heizkostenabrechnung-fuer-mieter.html,https://www.morgenpost.de/wirtschaft/article413155564/gaspreise-gruene-fordern-kuerzungsrecht-bei-heizkostenabrechnung-fuer-mieter.html,0,www.morgenpost.de,Gaspreise: Grüne fordern Kürzungsrecht bei Heizkostenabrechnung für Mieter,Steigende Gaspreise könnten für Mieter teuer werden. Die Grünen wollen deshalb mehr Transparenz – aber das ist noch nicht alles.,https://img.sparknews.funkemedien.de/413133364/413133364_1789397807_v16_9_1600.jpeg,2026-09-14T19:00:00Z,,"Die Vize-Fraktionschefin der Grünen im Bundestag, Julia Verlinden, fordert angesichts hoher Gaspreise eine neue Transparenzregel für Mieter. Vermieter sollen ihre Mieter künftig mindestens einmal im … [+1809 chars]",,de,'Heizkosten'
https://www.nzz.ch/deutschland/politik/superwahljahr-2026/die-landeskoenigin-aus-dem-norden-einst-unterstuetzte-manuela-schwesig-gazprom-jetzt-kaempft-sie-gegen-die-afd-ld.10023278,https://www.nzz.ch/deutschland/politik/superwahljahr-2026/die-landeskoenigin-aus-dem-norden-einst-unterstuetzte-manuela-schwesig-gazprom-jetzt-kaempft-sie-gegen-die-afd-ld.10023278,0,www.nzz.ch,"Die Landeskönigin aus dem Norden: Einst unterstützte Manuela Schwesig Gazprom, jetzt kämpft sie gegen die AfD",Die Ministerpräsidentin aus Mecklenburg-Vorpommern gilt als einsame Hoffnungsträgerin der Sozialdemokraten. Doch in dem ostdeutschen Flächenland hält sie ihre eigene Partei auf Distanz.,"https://img-msp-prod.nzz.ch/2026/08/31/43cf272a-33ec-45db-9d43-441df2299200.jpg?width=1200&height=675&fit=bounds&quality=75&auto=webp&crop=7808,4392,x0,y444&wmark=nzz",2026-09-15T03:30:00Z,,"Die Ministerpräsidentin aus Mecklenburg-Vorpommern gilt als einsame Hoffnungsträgerin der Sozialdemokraten. Doch in dem ostdeutschen Flächenland hält sie ihre eigene Partei auf Distanz.
Zusammenfass… [+12218 chars]",,de,'Gas Putin'
https://www.n-tv.de/ratgeber/Krieg-und-Winter-Was-tun-bei-steigenden-Gaspreisen-id31304585.html,https://www.n-tv.de/ratgeber/Krieg-und-Winter-Was-tun-bei-steigenden-Gaspreisen-id31304585.html,0,www.n-tv.de,Teure Gasheizung? : Krieg und Winter: Was tun bei steigenden Gaspreisen?,"Wie können Sie sich gegen höhere Heizkosten in der kommenden Heizperiode wappnen? Was die Verbraucherzentrale NRW zu Preisgarantien, Boni und Vergleichsportalen rät.",https://www.n-tv.de/img/2669383/1671099574/Img_16_9/1200/image.jpg,2026-09-15T03:58:09Z,,"Heizperiode im Anmarsch, Großhandelspreise gestiegen: Wer Gas hat, sollte den aktuellen Tarif prüfen und rechtzeitig nach Alternativen schauen. (Foto: dpa)
Wie können Sie sich gegen höhere Heizkoste… [+3634 chars]",,de,'Gasheizung'
https://www.faz.net/aktuell/finanzen/kevin-warsh-traut-sich-der-fed-chef-eine-zinserhoehung-accg-201226962.html,https://www.faz.net/aktuell/finanzen/kevin-warsh-traut-sich-der-fed-chef-eine-zinserhoehung-accg-201226962.html,0,www.faz.net,US-Notenbank: Stunde der Wahrheit für Fed-Chef Warsh,"Die Inflation ist hartnäckig, der Anleihemarkt nervös. Donald Trump verlangt niedrigere Zinsen. Traut sich Kevin Warsh eine Leitzinserhöhung?",https://media0.faz.net/image/w1200h627/9bf93449defc/w8256h4313x0y595o/202609/43601.0.2546256539/kevin-warsh-ist-seit-mai-2026.webp,2026-09-15T05:16:54Z,,"Am Mittwoch endet die zweitägige Sitzung der amerikanischen Notenbank Federal Reserve (Fed), die entscheidend für den künftigen Kurs der amerikanischen Geldpolitik ist. Erhöhen die zwölf stimmberecht… [+4181 chars]",,de,'Inflation'
https://www.morgenpost.de/wirtschaft/article413153670/pelletspreise-aktuell-15-september-preis-tonne-heute-holz-pellets-kaufen.html,https://www.morgenpost.de/wirtschaft/article413153670/pelletspreise-aktuell-15-september-preis-tonne-heute-holz-pellets-kaufen.html,0,www.morgenpost.de,Heizölpreise im aktuellen Überblick: Das kostet eine Tonne heute (15. September),"Preisexplosion beim Öl – und auch bei den Pellets? Wie sich die Kosten heute (15. September) entwickeln, zeigt unser aktueller Überblick.",https://img.sparknews.funkemedien.de/406640804/406640804_1719220732_v16_9_1600.jpeg,2026-09-15T05:24:27Z,,"Die Pelletspreise in Deutschland steigen seit Wochen: Kurz vor dem Start der Heizperiode erreichen die Preise für Pellets ein Niveau, das zuletzt bei der Energiepreiskrise 2022 infolge des russischen… [+6592 chars]",,de,'Heizöl'
https://www.tagesschau.de/wirtschaft/finanzen/marktberichte/marktbericht-dax-dow-geldanlage-152.html,https://www.tagesschau.de/wirtschaft/finanzen/marktberichte/marktbericht-dax-dow-geldanlage-152.html,0,www.tagesschau.de,Marktbericht: DAX-Schwäche dürfte anhalten,"Die Lage im Nahen Osten bleibt angespannt, die Energiepreise steigen - genau wie die Inflationssorgen: Der DAX dürfte heute weiter zurückfallen. Langsam gerät die Marke von 25.000 Punkten wieder ins Blickfeld.",https://images.tagesschau.de/image/7f7bdfcd-57b6-4841-bce5-7cea2a7a36c2/AAABmfJxAV4/AAABnSSvrFg/16x9-big/boerse-452.jpg?width=1280,2026-09-15T05:52:53Z,,"Stand: 15.09.2026 07:52 Uhr
Die Lage im Nahen Osten bleibt angespannt, die Energiepreise steigen - genau wie die Inflationssorgen: Der DAX dürfte heute weiter zurückfallen. Langsam gerät die Marke v… [+2860 chars]",,de,'Energiepreise'
https://www.telepolis.de/article/Gaskraftwerke-Erste-Ausschreibung-ueberzeichnet-doch-Probleme-beginnen-erst-11451929.html,https://www.telepolis.de/article/Gaskraftwerke-Erste-Ausschreibung-ueberzeichnet-doch-Probleme-beginnen-erst-11451929.html,0,www.telepolis.de,Gaskraftwerke: Erste Ausschreibung überzeichnet – doch Probleme beginnen erst,"Die Bundesnetzagentur prüft die Gebote – doch ungeklärte Gasbeschaffung, fehlende Turbinen und politischer Standortstreit gefährden das Milliardenprojekt.",https://heise.cloudimg.io/v7/_www-heise-de_/imgs/18/5/1/6/4/4/2/5/gaskraft-89829a23536c98ae.jpg?func=bound&height=1200&org_if_sml=1&q=85&width=1200,2026-09-15T06:00:00Z,,"Die Bundesnetzagentur prüft die Gebote doch ungeklärte Gasbeschaffung, fehlende Turbinen und politischer Standortstreit gefährden das Milliardenprojekt.
Die erste Runde der gezielt auf den Einsatz v… [+5413 chars]",,de,'Bundesnetzagentur'
https://www.teltarif.de/heizkosten-senken-haus-waermeverluste/news/106076.html,https://www.teltarif.de/heizkosten-senken-haus-waermeverluste/news/106076.html,0,www.teltarif.de,Heizkosten senken: Diese versteckten Wärmeverluste gehen ins Geld,"Kurz vor der Heizsaison warnt die Verbraucherzentrale Baden-Württemberg davor, blind zu sanieren  oft entweicht die Wärme an ganz anderer Stelle als vermutet.",https://www.teltarif.de/img/arch/2026/kw38/heizkosten-senken-haus-waermeverluste-1og.jpg,2026-09-15T06:00:00Z,,"Die kalte Jahreszeit rückt näher, und mit ihr die Frage, wie sich der Ener­giever­brauch im eigenen Haus dauerhaft drücken lässt. Wer ein älteres Gebäude besitzt, denkt schnell an eine neue Heizung, … [+2359 chars]",,de,'Heizkosten'
https://www.spektrum.de/news/klimawandel-usa-heben-emissionsvorschriften-fuer-kohlekraftwerke-auf/2344601,https://www.spektrum.de/news/klimawandel-usa-heben-emissionsvorschriften-fuer-kohlekraftwerke-auf/2344601,0,www.spektrum.de,Stromerzeugung aus Kohle und Gas: USA heben Emissionsvorschriften für Kraftwerke auf,"Treibhausgase gelten als Haupttreiber des Klimawandels. Um deren Ausstoß zu begrenzen, gibt es auch in den USA Regeln. Doch diese werden nun Stück für Stück abgewickelt.",https://static.spektrum.de/fm/912/f1920x1080/GettyImages-2266450278.jpg,2026-09-15T07:23:50Z,,"Die US-Umweltbehörde EPA hebt Vorschriften zur Begrenzung klimaschädlicher Treibhausgasemissionen von Kohle- und Gastkraftwerken auf. Der Großteil der Treibhausgasvorschriften für US-Kraftwerke, die … [+1047 chars]",,de,'G20 Gas'
https://www.n-tv.de/politik/Ich-will-nicht-einen-einzigen-Cent-an-diese-Oelkonzerne-geben-id31306982.html,https://www.n-tv.de/politik/Ich-will-nicht-einen-einzigen-Cent-an-diese-Oelkonzerne-geben-id31306982.html,0,www.n-tv.de,"Grüne über hohe Spritpreise: ""Ich will nicht einen einzigen Cent an diese Ölkonzerne geben""","Die Spritpreise steigen kräftig, ein neuer Tankrabatt kommt für die Grünen nicht infrage. Grünen-Fraktionsvize Andreas Audretsch fordert stattdessen eine Übergewinnsteuer für Öl- und Gaskonzerne und will die Stromsteuer senken. Bei der konkreten Ausgestaltung…",https://www.n-tv.de/img/31307063/1789468490/Img_16_9/1200/Screenshot%202026-09-15%20103437.jpg,2026-09-15T08:47:38Z,,"Grüne über hohe Spritpreise""Ich will nicht einen einzigen Cent an diese Ölkonzerne geben""
Die Spritpreise steigen kräftig, ein neuer Tankrabatt kommt für die Grünen nicht infrage. Grünen-Fraktionsvi… [+4023 chars]",,de,'Gaskonzern'
https://www.focus.de/finanzen/die-welt-sucht-einen-ausweg-die-politik-steckt-in-der-energie-falle_cb4d7c6d-4939-47f2-882b-d8c731fe62ae.html,https://www.focus.de/finanzen/die-welt-sucht-einen-ausweg-die-politik-steckt-in-der-energie-falle_cb4d7c6d-4939-47f2-882b-d8c731fe62ae.html,0,www.focus.de,Die Welt sucht einen Ausweg: Die Politik steckt in der Energie-Falle,"Hormus ist dicht, wichtige Ausweichrouten fallen aus und selbst die USA können die Lücke kaum schließen. Die Energiekrise droht sich weiter zu verschärfen.","https://quadro.burda-forward.de/ctf/a7a25d7b-0731-45a8-bc11-713a8ffadf2b.82234c8a-7499-4f6b-bffe-a68c01756fbb.jpg?im=RegionOfInterestCrop=(1200,630),regionOfInterest=(2852,1914)&hash=8cb9abb9620d0a6dc7d02a3ab5683926991dc679ac46179bd95c5fca910751ed",2026-09-15T11:26:00Z,,"Die Energiekrise nimmt weiter Fahrt auf. Nicht nur die Straße von Hormuz, sondern auch die Alternativrouten im Nahen Osten fallen als Lieferweg für Öl und Gas durch Angriffe immer mehr aus. Die folgl… [+8284 chars]",,de,'Energiekrise'
https://www.focus.de/finanzen/strasse-von-hormuz-verstopft-wie-ein-abfluss-im-badezimmer_cb4d7c6d-4939-47f2-882b-d8c731fe62ae.html,https://www.focus.de/finanzen/strasse-von-hormuz-verstopft-wie-ein-abfluss-im-badezimmer_cb4d7c6d-4939-47f2-882b-d8c731fe62ae.html,0,www.focus.de,Straße von Hormuz: Verstopft wie ein Abfluss im Badezimmer,"Hormus ist dicht, wichtige Ausweichrouten fallen aus und selbst die USA können die Lücke kaum schließen. Die Energiekrise droht sich weiter zu verschärfen.","https://quadro.burda-forward.de/ctf/a7a25d7b-0731-45a8-bc11-713a8ffadf2b.82234c8a-7499-4f6b-bffe-a68c01756fbb.jpg?im=RegionOfInterestCrop=(1200,630),regionOfInterest=(2852,1914)&hash=8cb9abb9620d0a6dc7d02a3ab5683926991dc679ac46179bd95c5fca910751ed",2026-09-15T12:13:00Z,,"Die Energiekrise nimmt weiter Fahrt auf. Nicht nur die Straße von Hormuz, sondern auch die Alternativrouten im Nahen Osten fallen als Lieferweg für Öl und Gas durch Angriffe immer mehr aus. Die folgl… [+8284 chars]",,de,'Gaslieferungen'
https://www.sueddeutsche.de/wirtschaft/spritpreise-merz-benzinpreis-entlastung-li.3547829,https://www.sueddeutsche.de/wirtschaft/spritpreise-merz-benzinpreis-entlastung-li.3547829,0,www.sueddeutsche.de,Energiepreise: Spritpreis auf Rekordhöhe – jetzt stellt Merz Entlastungen in Aussicht,"Er sei der Meinung, „dass wir handeln müssen“, sagte der Kanzler bei einer Unternehmertagung. Was konkret die Bundesregierung plant, ist unklar, aber es liegen mehrere Vorschläge auf dem Tisch.",https://www.sueddeutsche.de/2026/06/01/d549cf49-92c0-4b3e-a918-8bbe1b2b7729.jpg?q=60&fm=webp&width=1200&rect=0%2C417%2C4000%2C2250,2026-09-15T12:13:09Z,,"Wenige Tage vor den Wahlen in Berlin und Mecklenburg-Vorpommern ist damit klar: Es wird eine Entlastung geben bloß welche? Das genaue Instrument steht noch nicht fest, räumt auch Merz ein. Sie können… [+3974 chars]",,de,'Energiepreise'
https://www.focus.de/immobilien/hormus-krise-treibt-energiepreise-auf-neue-rekorde-und-neukunden-zahlen-26-euro-mehr-pro-megawattstunde_1361c5fc-08a1-47d7-8e53-5844e901874c.html,https://www.focus.de/immobilien/hormus-krise-treibt-energiepreise-auf-neue-rekorde-und-neukunden-zahlen-26-euro-mehr-pro-megawattstunde_1361c5fc-08a1-47d7-8e53-5844e901874c.html,0,www.focus.de,Hormus-Krise treibt Energiepreise auf neue Rekorde und Neukunden zahlen 26 Euro mehr pro Megawattstunde,Das fehlende Gas macht sich im Gas-Großhandel bemerkbar. Auch Strom ist betroffen. Verbraucher stehen vor einer entscheidenden Wahl.,"https://quadro.burda-forward.de/ctf/bcd384b1-a5ea-400a-8d74-bdba5b033e38.dc63875e-7ee8-48ca-81a5-cabccd2be848.jpg?im=RegionOfInterestCrop=(1200,630),regionOfInterest=(2430,1419)&hash=9a1e98a627701acdfaa38173052e3f68a66b5e717ede755e127980d8938e33f9",2026-09-15T13:34:00Z,,"Deutschland hat im europäischen Vergleich ohnehin schon fast die teuersten Strompreise, aber die Krise am Persischen Golf verschärft das Problem weiter. Laut dem Strommarktexperten John Horstmann ist… [+5623 chars]",,de,'Gaspreis'
https://www.focus.de/politik/deutschland/staatsunternehmen-sollen-bei-gasspeicher-befuellung-helfen_40c0ffb6-8814-40f3-9648-2bceebc2cfb4.html,https://www.focus.de/politik/deutschland/staatsunternehmen-sollen-bei-gasspeicher-befuellung-helfen_40c0ffb6-8814-40f3-9648-2bceebc2cfb4.html,0,www.focus.de,Staatsunternehmen sollen bei Gasspeicher-Befüllung helfen,"Bundeswirtschaftsministerin Katherina Reiche (CDU) ist in Gesprächen mit den beiden Staatsunternehmen Sefe und Uniper, um die Gasspeicher besser zu füllen.","https://quadro.burda-forward.de/ctf/e1811302-2707-4486-ac94-30bd067c4df0.c3c166d9-81a1-4c1b-8424-f8d2a18b0073.jpeg?im=RegionOfInterestCrop=(1200,630),regionOfInterest=(1049,383)&hash=1ce6d24cb32e4947b418e3a267aec56e52aec6d953a5a7f067a8a7b3db39c587",2026-09-15T19:18:00Z,,"Wie die Deutsche Presse-Agentur aus Regierungskreisen erfuhr, sollen entsprechende Maßnahmen eingeleitet werden. Die Kosten würden dann vom Markt getragen und nicht wie bei einem staatlichen Eingriff… [+3337 chars]",,de,'Gaslieferungen'
https://www.focus.de/immobilien/hormus-krise-treibt-energiepreise-auf-neue-rekorde-neukunden-zahlen-26-euro-mehr-pro-megawattstunde_1361c5fc-08a1-47d7-8e53-5844e901874c.html,https://www.focus.de/immobilien/hormus-krise-treibt-energiepreise-auf-neue-rekorde-neukunden-zahlen-26-euro-mehr-pro-megawattstunde_1361c5fc-08a1-47d7-8e53-5844e901874c.html,0,www.focus.de,Hormus-Krise treibt Energiepreise auf neue Rekorde: Neukunden zahlen 26 Euro mehr pro Megawattstunde,Das fehlende Gas macht sich im Gas-Großhandel bemerkbar. Auch Strom ist betroffen. Verbraucher stehen vor einer entscheidenden Wahl.,"https://quadro.burda-forward.de/ctf/bcd384b1-a5ea-400a-8d74-bdba5b033e38.dc63875e-7ee8-48ca-81a5-cabccd2be848.jpg?im=RegionOfInterestCrop=(1200,630),regionOfInterest=(2430,1419)&hash=9a1e98a627701acdfaa38173052e3f68a66b5e717ede755e127980d8938e33f9",2026-09-16T05:06:00Z,,"Deutschland hat im europäischen Vergleich ohnehin schon fast die teuersten Strompreise, aber die Krise am Persischen Golf verschärft das Problem weiter. Laut dem Strommarktexperten John Horstmann ist… [+5624 chars]",,de,'Energiepreise'
https://www.faz.net/aktuell/wirtschaft/klima-nachhaltigkeit/wirtschaftsministerin-katherina-reiche-plant-ausschreibungen-fuer-gasspeicher-accg-201231227.html,https://www.faz.net/aktuell/wirtschaft/klima-nachhaltigkeit/wirtschaftsministerin-katherina-reiche-plant-ausschreibungen-fuer-gasspeicher-accg-201231227.html,0,www.faz.net,Nur halb voll: Reiche plant Ausschreibungen für Gasspeicher,Die Bundeswirtschaftsministerin will nun doch etwas gegen die Schieflage am Gasmarkt tun. Spritpreisdeckel und Übergewinnsteuern für Mineralölkonzerne lehnt sie ab.,https://media0.faz.net/image/w1200h627/1edcd8acbb2f/w4196h2192x854y1820o/202609/43601.0.2558448878/wirtschaftsministerin-reiche.webp,2026-09-16T07:02:07Z,,"Angesichts historisch niedriger Gasspeicherstände in Deutschland will Bundeswirtschaftsministerin Katherina Reiche den finanziellen Anreiz für Händler erhöhen, zusätzlich Gas für den Winter verfügbar… [+4874 chars]",,de,'Übergewinnsteuer'
https://www.n-tv.de/wirtschaft/So-leer-sind-die-deutschen-Gasspeicher-id31311804.html,https://www.n-tv.de/wirtschaft/So-leer-sind-die-deutschen-Gasspeicher-id31311804.html,0,www.n-tv.de,Reiche will nachfüllen: So leer sind die deutschen Gasspeicher,Deutschlands Gasvorräte sind für diese Jahreszeit auffallend niedrig. Im Fall eines sehr kalten Winters könnte es eng werden. Wirtschaftsministerin Reiche will nun gegensteuern.,https://www.n-tv.de/img/31311765/1789557467/Img_16_9/1200/536544422.jpg,2026-09-16T10:01:32Z,,"Auch in Rehden ist noch viel Platz. (Foto: picture alliance/dpa)
Deutschlands Gasvorräte sind für diese Jahreszeit auffallend niedrig. Im Fall eines sehr kalten Winters könnte es eng werden. Wirtsch… [+3197 chars]",,de,'Gaslieferungen'
https://www.sueddeutsche.de/wirtschaft/gas-reiche-speicher-li.3548311,https://www.sueddeutsche.de/wirtschaft/gas-reiche-speicher-li.3548311,0,www.sueddeutsche.de,Energieversorgung: Reiche will Gasspeicher füllen,"Nur 56 Prozent beträgt derzeit der Füllstand, das ist sehr niedrig für die Jahreszeit. Markteingriffe jedoch lehnt die Wirtschaftsministerin strikt ab. Dennoch verstärkt sie nun ihre Bemühungen.",https://www.sueddeutsche.de/2026/09/16/b834125e-4612-45c8-b64d-a481aa5d5d54.jpg?q=60&fm=webp&width=1200&rect=0%2C203%2C4000%2C2250,2026-09-16T11:42:49Z,,"Derzeit sind die deutschen Gasspeicher nur zu rund 56 Prozent befüllt. Dies ist für diese Jahreszeit extrem niedrig. Selbst im Jahr 2021, also im letzten Jahr vor dem russischen Überfall auf die Ukra… [+3855 chars]",,de,'Füllstand Gasspeicher'
https://www.welt.de/wirtschaft/article6aaa500fa9420481bd2132ac/der-staat-hat-beim-gas-fehler-gemacht-doch-verzockt-haben-sich-andere.html,https://www.welt.de/wirtschaft/article6aaa500fa9420481bd2132ac/der-staat-hat-beim-gas-fehler-gemacht-doch-verzockt-haben-sich-andere.html,0,www.welt.de,Der Staat hat beim Gas Fehler gemacht – doch verzockt haben sich andere,"Die Gasspeicher sind zu leer, also soll wieder einmal der Staat schuld sein. Doch so einfach ist es nicht. Denn während die Regierung zögerte, haben andere gezockt – und erwarten nun, dass der Staat ihre Wette absichert.",https://images.welt.de/6aaa500fa9420481bd2132ac/5c7a0d4bd02f6772f7441fe59d0a6ed1/ci16x9-w1200/dpa-com-260916-935-1613201-jpg,2026-09-16T13:33:43Z,,"Die Gasspeicher sind zu leer, also soll wieder einmal der Staat schuld sein. Doch so einfach ist es nicht. Denn während die Regierung zögerte, haben andere gezockt und erwarten nun, dass der Staat ih… [+7423 chars]",,de,'Gasspeicher'
https://www.tagesspiegel.de/wirtschaft/staatsunternehmen-sefe-kauft-gas-ein-fullstand-von-80-prozent-bei-speichern-laut-netzagentur-aber-nicht-mehr-zu-schaffen-16060634.html,https://www.tagesspiegel.de/wirtschaft/staatsunternehmen-sefe-kauft-gas-ein-fullstand-von-80-prozent-bei-speichern-laut-netzagentur-aber-nicht-mehr-zu-schaffen-16060634.html,0,www.tagesspiegel.de,Staatsunternehmen Sefe kauft Gas ein: Füllstand von 80 Prozent bei Speichern laut Netzagentur aber „nicht mehr zu schaffen“,Derzeit sind die Gasspeicher der Netzagentur zufolge zu 56 Prozent gefüllt. Gesetzlich vorgeschrieben ist bis 1. November eigentlich eine Befüllung der meisten Anlagen von 80 Prozent. Doch das ist offenbar unrealistisch.,https://www.tagesspiegel.de/images/16060645/alternates/BASE_16_9_W1400/1789564773000/gasspeicher.jpeg,2026-09-16T13:53:13Z,,"Ein Füllstand der deutschen Gasspeicher von 80 Prozent bis zum 1. November ist laut dem Chef der Bundesnetzagentur, Klaus Müller, nicht mehr zu schaffen. Die Speicher seien jedoch nicht allein wichti… [+3569 chars]",,de,'Füllstand Gasspeicher'
https://www.n-tv.de/politik/Bericht-Ministerin-Reiche-laesst-Treffen-mit-Gaslobby-vertuschen-id31312708.html,https://www.n-tv.de/politik/Bericht-Ministerin-Reiche-laesst-Treffen-mit-Gaslobby-vertuschen-id31312708.html,0,www.n-tv.de,Austausch zum Heizungsgesetz: Bericht: Ministerin Reiche lässt Treffen mit Gaslobby vertuschen,Die Nähe von Wirtschaftsministerin Reiche zur Gasindustrie sorgt immer wieder für Kritik. Durch ihr Wirken wird nun das Heizen mit fossilen Energien für längere Zeit weiter möglich bleiben. Die Grünen fragen zu Lobbykontakten bei der Gesetzesentstehung - und …,https://www.n-tv.de/img/31312875/1789570186/Img_16_9/1200/619329514.jpg,2026-09-16T14:00:04Z,,"Austausch zum HeizungsgesetzBericht: Ministerin Reiche lässt Treffen mit Gaslobby vertuschen
Katherina Reiche arbeitete früher für die Eon-Tochter Westenergie. (Foto: picture alliance / NurPhoto)
D… [+4854 chars]",,de,'Gas Wirtschaft'
https://www.faz.net/aktuell/wirtschaft/klima-nachhaltigkeit/katherina-reiche-greift-in-den-gasmarkt-ein-201232596.html,https://www.faz.net/aktuell/wirtschaft/klima-nachhaltigkeit/katherina-reiche-greift-in-den-gasmarkt-ein-201232596.html,0,www.faz.net,Versorgungssicherheit: Die Angst vor einem kalten Winter,"Bundeswirtschaftsministerin Reiche will nun doch etwas gegen die Schieflage am Gasmarkt tun, um für die kalte Jahreszeit gewappnet zu sein. Die grundsätzliche Verantwortung sieht die Politik aber nicht bei sich.",https://media0.faz.net/image/w1200h627/5935993be82d/w6144h3210x0y763o/202607/43601.0.2388017631/zu-besuch-bei-einem.webp,2026-09-16T16:11:03Z,,"Energiebranche und Politik haben am Mittwoch mit gemischten Gefühlen auf Pläne von Bundeswirtschaftsministerin Katherina Reiche (CDU) reagiert, angesichts historisch niedriger Füllstände der Gasspeic… [+4715 chars]",,de,'Gasmarkt'
https://www.morgenpost.de/wirtschaft/article413169668/gasspeicher-vor-dem-winter-nur-halb-voll-wie-reiche-jetzt-nachfuellen-will.html,https://www.morgenpost.de/wirtschaft/article413169668/gasspeicher-vor-dem-winter-nur-halb-voll-wie-reiche-jetzt-nachfuellen-will.html,0,www.morgenpost.de,Gasspeicher vor dem Winter nur halb voll: Wie Reiche jetzt nachfüllen will,"Die Speicherstände liegen deutlich unter dem Vorjahresstand. Wirtschaftsministerin Reiche will nun Anreize schaffen, mehr Gas vorzuhalten.",https://img.sparknews.funkemedien.de/413171987/413171987_1789582126_v16_9_1600.jpeg,2026-09-16T18:08:46Z,,"Die Heizperiode steht vor der Türe, aber die unterirdischen Gasspeicher sind leerer als im vergangenen Jahr. Waren die hiesigen Lagerstätten Mitte September 2025 zu 76 Prozent gefüllt, sind es jetzt … [+3049 chars]",,de,'Gasspeicher'
https://www.tagesschau.de/ausland/asien/syrien-proteste-energiepreise-100.html,https://www.tagesschau.de/ausland/asien/syrien-proteste-energiepreise-100.html,0,www.tagesschau.de,Syrien: Größte Proteste seit Sturz von Assad,Gleich zweimal in kurzer Zeit hat die syrische Regierung Energiepreise erhöht. Dagegen regt sich im Land nun breiter Protest. Die Energiekrise hängt weniger mit der Entwicklung rund um Iran zusammen - sondern mit einem anderen Krieg. Von M. Behrendt.,https://images.tagesschau.de/image/07dfa3ef-ef4c-49e3-8058-c135f01b320e/AAABoKtMa_U/AAABnSSvrFg/16x9-big/tanklastwagen-100.jpg?width=1280,2026-09-16T18:11:51Z,,"Stand: 16.09.2026 20:11 Uhr
Gleich zweimal in kurzer Zeit hat die syrische Regierung Energiepreise erhöht. Dagegen regt sich im Land nun breiter Protest. Die Energiekrise hängt weniger mit der Entwi… [+3571 chars]",,de,'Energiepreise'
https://www.tagesschau.de/wirtschaft/weltwirtschaft/eilmeldung-fed-leitzins-erhoeht-100.html,https://www.tagesschau.de/wirtschaft/weltwirtschaft/eilmeldung-fed-leitzins-erhoeht-100.html,0,www.tagesschau.de,US-Notenbank erhöht Leitzins erstmals seit 2023,"Im Kampf gegen die hartnäckig hohe Inflation hebt die US-Notenbank Fed den Leitzins an. Er wurde um einen Viertelpunkt erhöht - auf die neue Spanne von 3,75 bis 4,00 Prozent. Experten hatten mit diesem Schritt gerechnet.",https://images.tagesschau.de/image/40e8ab3f-0ff1-4ab6-ac9a-3c64210c8504/AAABoKtmo28/AAABnSSvrFg/16x9-big/warsh-116.jpg?width=1280,2026-09-16T18:17:05Z,,"Stand: 16.09.2026 20:17 Uhr
Im Kampf gegen die hartnäckig hohe Inflation hebt die US-Notenbank Fed den Leitzins an. Er wurde um einen Viertelpunkt erhöht - auf die neue Spanne von 3,75 bis 4,00 Proz… [+1550 chars]",,de,'Inflation'
https://www.n-tv.de/politik/US-Kongress-beschliesst-deutlich-verschaerfte-Russland-Sanktionen-id31314547.html,https://www.n-tv.de/politik/US-Kongress-beschliesst-deutlich-verschaerfte-Russland-Sanktionen-id31314547.html,0,www.n-tv.de,Einreiseverbot für Putin: US-Kongress beschließt deutlich verschärfte Russland-Sanktionen,"Wenn Trump mehr Druck auf den Kreml machen will, kann er es jetzt tun: Der US-Kongress verabschiedet ein Gesetz, das deutlich strengere Sanktionen gegen den Russland vorsieht, als bisher. Es zielt auch auf die Schattenflotte und auf Putin selbst.",https://www.n-tv.de/img/31314545/1789606306/Img_16_9/1200/image.jpg,2026-09-16T22:53:13Z,,"Einreiseverbot für PutinUS-Kongress beschließt deutlich verschärfte Russland-Sanktionen
Beide Kammern des Kongresses haben das Gesetz verabschiedet, jetzt fehlt nur noch Trumps Unterschrift. (Foto: … [+2081 chars]",,de,'Schattenflotte'
https://www.tagesspiegel.de/wirtschaft/dpa-energiekonzerne-vattenfall-fordert-klare-zustandigkeiten-fur-sicherheit-16062294.html,https://www.tagesspiegel.de/wirtschaft/dpa-energiekonzerne-vattenfall-fordert-klare-zustandigkeiten-fur-sicherheit-16062294.html,0,www.tagesspiegel.de,Energiekonzerne: Vattenfall fordert klare Zuständigkeiten für Sicherheit,Russische Schattenflotten in der Ostsee und Zwischenfälle mit Drohnen: Die Bedrohungslage hat sich aus Sicht des Vattenfall-Deutschlandchefs geändert – es brauche politische Unterstützung.,https://www.tagesspiegel.de/images/16062293/alternates/BASE_16_9_W1400/1789612278000/vattenfall-deutschlandchef-robert-zurawski.jpeg,2026-09-17T02:31:18Z,,Angesichts der geopolitischen Konflikte wünscht sich Vattenfall-Deutschlandchef Robert Zurawski beim Schutz der Energie-Infrastruktur mehr Unterstützung der Politik. Die Bedrohungslage hat sich auf j… [+2182 chars],,de,'Schattenflotte'
https://www.tagesspiegel.de/wirtschaft/dpa-gasversorgung-gasspeicher-sorgen-fur-nervositat-welche-rolle-haben-sie-16062300.html,https://www.tagesspiegel.de/wirtschaft/dpa-gasversorgung-gasspeicher-sorgen-fur-nervositat-welche-rolle-haben-sie-16062300.html,0,www.tagesspiegel.de,Gasversorgung: Gasspeicher sorgen für Nervosität - welche Rolle haben sie?,Der niedrige Füllstand der Gasspeicher in Deutschland beunruhigt viele Menschen. Aber wie funktioniert eigentlich das System der Gasspeicher?,https://www.tagesspiegel.de/images/16062299/alternates/BASE_16_9_W1400/1789613187000/gasspeicher.jpeg,2026-09-17T02:46:26Z,,Bis zum Winter sind es noch ein paar Monate. Dennoch geht der Blick schon auf die kalte Jahreszeit. Grund sind die vergleichsweise niedrigen Füllstände der Gasspeicher in Deutschland. Doch was ist ei… [+8127 chars],,de,'Füllstand Gasspeicher'
https://www.morgenpost.de/wirtschaft/article413151752/heizoelpreise-aktuell-17-september-preis-heizoel-heizung-liter-heute-kaufen.html,https://www.morgenpost.de/wirtschaft/article413151752/heizoelpreise-aktuell-17-september-preis-heizoel-heizung-liter-heute-kaufen.html,0,www.morgenpost.de,Preisexplosion beim Heizöl: Was ein Liter aktuell (17. September) kostet,"Die Heizölpreise steigen aktuell immer weiter. Wird der Rekord geknackt? Was ein Liter heute (17. September) kostet, zeigt unser Überblick.",https://img.sparknews.funkemedien.de/406781589/406781589_1720770938_v16_9_1600.jpeg,2026-09-17T05:32:47Z,,Der russische Angriff auf die Ukraine führte 2021 zu einem explosionsartigen Anstieg der Heizölpreise. Eine ganz ähnliche Entwicklung ist aktuell zu beobachten. Die sprunghaften Preisanstiege beim He… [+9028 chars],,de,'Heizöl'
https://www.dw.com/de/kongress-repraesentantenhaus-usa-trump-russland-sanktionen-ukraine-krieg/a-79300568,https://www.dw.com/de/kongress-repraesentantenhaus-usa-trump-russland-sanktionen-ukraine-krieg/a-79300568,0,www.dw.com,US-Kongress beschließt schärfere Russland-Sanktionen,Mit neuen Sanktionen wollen die USA Russlands Einnahmen aus Öl und Gas treffen. Das Gesetz richtet sich auch gegen Präsident Putin und die Schattenflotte - und könnte China und Indien unter Druck setzen.,https://static.dw.com/image/79301388_6.jpg,2026-09-17T07:51:00Z,,"Das US-Repräsentantenhaus hat mit breiter Mehrheit einem neuen Sanktionspaket gegen Russland zugestimmt. 262 Abgeordnete votierten dafür, 159 dagegen. Damit hat das Gesetz nach dem Senat auch die zwe… [+6185 chars]",,de,'Gas Putin'
https://www.morgenpost.de/politik/article412317251/ukraine-krieg-russland-news-aktuell-putin-selenskyj-sanktionen-usa-china-indien.html,https://www.morgenpost.de/politik/article412317251/ukraine-krieg-russland-news-aktuell-putin-selenskyj-sanktionen-usa-china-indien.html,0,www.morgenpost.de,Wadephul lobt US-Sanktionspaket – China und Indien geraten unter Druck,"Der US-Kongress hat ein Sanktionspaket gegen Russland verabschiedet. Aus China kommt, Indien pocht auf eigene Energiesicherheit. News im Blog.",https://img.sparknews.funkemedien.de/413179758/413179758_1789640925_v16_9_1600.jpeg,2026-09-17T10:28:45Z,,Nach der Entscheidung für verschärfte Russland-Sanktionen im US-Kongress will Indien eigenen Angaben zufolge weiterhin Öl von diversifizierten Lieferanten beziehen. Das indische Außenministerium erkl… [+1675 chars],,de,'Energiesicherheit'
https://www.derstandard.at/story/3000000340197/so-stark-daempfen-erneuerbare-den-strompreis,https://www.derstandard.at/story/3000000340197/so-stark-daempfen-erneuerbare-den-strompreis,0,www.derstandard.at,So stark dämpfen Erneuerbare den Strompreis,"Der Ausbau der Erneuerbaren senkt langfristig den Strompreis, so eine Studie. Doch die Haushalte müssten flexibler in der Stromnutzung werden, hieß es beim Energiekongress",https://i.ds.at/ZuZlOQ/rs:fill:1200:600/plain/lido-images/2025/02/24/992dd15c-06c3-49ea-83a6-a7c635c5a1c1.jpeg,2026-09-17T12:38:37Z,,"Viele Jahre war der Strompreis in Österreich stabil. Nun muss die Regierung immer wieder mit Preisbremsen eingreifen.
Foto: APA/dpa/Hauke-Christian Di
Der Strom kommt aus der Steckdose. Wie er prod… [+1078 chars]",,de,'Gaspreis'
https://www.bild.de/news/inland/der-fall-daniel-v-so-knapp-entging-deutschland-einem-mega-blackout-6aa91aa38191ba8609511d7a,https://www.bild.de/news/inland/der-fall-daniel-v-so-knapp-entging-deutschland-einem-mega-blackout-6aa91aa38191ba8609511d7a,0,www.bild.de,True-Crime-Podcast „IM EINSATZ“ - So knapp entging Deutschland einem Mega-Blackout,"Ein Anschlag auf Umspannwerke sollte Deutschlands Stromnetz lahmlegen. Im Podcast „IM EINSATZ“ erklärt Thomas Fischer, wie verwundbar die Infrastruktur ist.","https://images.bild.de/6aa91aa38191ba8609511d7a/9904db283d7a474cf14af63008c0f10a,ceba7566?w=1280",2026-09-17T18:49:06Z,,TTS-Player überspringenArtikel weiterlesenHambach (NRW) Ein Mann. Ein Plan. Und fast ein Blackout für ganz Deutschland. Daniel V. (48) griff mit selbstgebauten Raketen-Vorrichtungen mehrere Umspannwe… [+1955 chars],,de,'Blackout'
https://tirol.orf.at/stories/3371577/,https://tirol.orf.at/stories/3371577/,0,tirol.orf.at,AK fordert Entlastung bei Heizölkosten,"Die Arbeiterkammer (AK) Tirol warnt vor massiv steigenden Heizölkosten für Haushalte in Tirol. Laut einer Nachfrage bei Heizölanbietern koste eine Tankfüllung inzwischen mehrere tausend Euro, viele könnten die Rechnung kaum noch bezahlen. Die AK fordert desha…",https://ibs.orf.at/tir?image=https%3A%2F%2Foekastatic.orf.at%2Fmims%2F2019%2F38%2F36%2Fcrops%2Fw%3D1200%2Ch%3D627%2Cq%3D75%2F298841_master_92636_heizoel_.jpg%3Fs%3D015d19a456c054f8d8a598024bac9e1933fc486a,2026-09-18T03:45:04Z,,"Die steigenden Heizölpreise setzen viele Haushalte laut AK Tirol unter Druck. Wie eine Nachfrage bei Heizölanbietern ergeben habe, würden sich die Marktpreise bereits in Richtung zwei Euro pro Liter … [+3785 chars]",,de,'Heizöl'
https://www.telepolis.de/article/Deutschland-bei-56-Prozent-Warum-volle-Gasspeicher-trotz-mehr-LNG-utopisch-sind-11458241.html,https://www.telepolis.de/article/Deutschland-bei-56-Prozent-Warum-volle-Gasspeicher-trotz-mehr-LNG-utopisch-sind-11458241.html,0,www.telepolis.de,Deutschland bei 56 Prozent: Warum volle Gasspeicher trotz mehr LNG utopisch sind,Deutschlands Speicher nur zu 56 Prozent gefüllt. INES warnt: Bei extremer Kälte drohen im Januar Versorgungslücken von bis zu 25 Prozent.,https://heise.cloudimg.io/v7/_www-heise-de_/imgs/18/5/1/6/7/6/4/4/shutterstock_238898095-95cb388605603311.jpg?func=bound&height=1200&org_if_sml=1&q=85&width=1200,2026-09-18T09:45:00Z,,"(Bild: muratart/Shutterstock.com)
Deutschlands Speicher nur zu 56 Prozent gefüllt. INES warnt: Bei extremer Kälte drohen im Januar Versorgungslücken von bis zu 25 Prozent.
Europa steht vor einem br… [+4574 chars]",,de,'Gasspeicher'
https://www.n-tv.de/wirtschaft/Deutscher-Staatskonzern-setzt-Gasversorgung-aufs-Spiel-id31317671.html,https://www.n-tv.de/wirtschaft/Deutscher-Staatskonzern-setzt-Gasversorgung-aufs-Spiel-id31317671.html,0,www.n-tv.de,Sefe gehörte russischem Gazprom: Deutscher Staatskonzern setzt Gasversorgung aufs Spiel,"Nach Russlands Vollinvasion in der Ukraine übernimmt Deutschland die hiesige Gazprom-Tochter. Heute heißt das Gasunternehmen Securing Energy for Europe (Sefe). Doch statt die Versorgung zu sichern, riskiert es ebendiese.",https://www.n-tv.de/img/31320902/1789734347/Img_16_9/1200/559175210.jpg,2026-09-18T10:47:12Z,,"Sefe-Mitarbeiter auf dem Gelände des Erdgasspeichers Rehden. (Foto: picture alliance/dpa)
Nach Russlands Vollinvasion in der Ukraine übernimmt Deutschland die hiesige Gazprom-Tochter. Heute heißt da… [+6419 chars]",,de,'Gasmangel'
https://www.faz.net/aktuell/feuilleton/debatten/was-jetzt-hilft-energiekrise-tankrabatt-und-die-lehre-aus-der-oelkrise-von-1973-accg-201233661.html,https://www.faz.net/aktuell/feuilleton/debatten/was-jetzt-hilft-energiekrise-tankrabatt-und-die-lehre-aus-der-oelkrise-von-1973-accg-201233661.html,0,www.faz.net,Wege aus der Energiekrise: Mit Benzin fährt man langfristig an die Wand,"Die Kraftstoffpreise erreichen Rekordwerte, Rufe nach kurzfristiger Entlastung werden laut. Doch die Erfahrung der Ölkrise von 1973 zeigt: Krisenfest machen uns erst langfristige Veränderungen.",https://media0.faz.net/image/w1200h627/d59f6cb944ed/w5098h2663x0y383o/202609/43601.0.2559924847/die-kraftstoffpreise-an-einer.webp,2026-09-18T11:22:19Z,,"Die Kraftstoffpreise in Deutschland haben neue Höchststände erreicht. Mitte September kostete Superbenzin der Sorte E10 im bundesweiten Tagesdurchschnitt rund 2,31 Euro je Liter. Diesel lag mit etwa … [+7877 chars]",,de,'Energieversorgung'
https://www.focus.de/immobilien/dortmunderin-zahlt-16-monate-unbemerkt-heizkosten-weiter_0ff74200-26c1-4132-b6da-02d0e947a597.html,https://www.focus.de/immobilien/dortmunderin-zahlt-16-monate-unbemerkt-heizkosten-weiter_0ff74200-26c1-4132-b6da-02d0e947a597.html,0,www.focus.de,Dortmunderin zahlt 16 Monate unbemerkt Heizkosten weiter,Nach ihrem Auszug zahlte eine Dortmunderin weiter für die Wärmeversorgung ihrer alten Wohnung. Jetzt geht es um mehr als 1200 Euro.,"https://quadro.burda-forward.de/ctf/63dfe7a8-5d6c-49ad-8d18-7091e22001fe.0d6531be-1e3d-480f-844b-b6ed0b7e7efa.jpg?im=RegionOfInterestCrop=(1200,630),regionOfInterest=(547,570)&hash=e176b77fe1395bba3e192c51629bd88d5022efaa15e2344bfe21ff836f6dc38e",2026-09-18T12:04:00Z,,"Mit dem Auszug aus ihrer Dortmunder Wohnung schien für Celine Emanuelsson im August 2023 alles erledigt. Schlüssel übergeben, Zählerstände gemeldet, neue Wohnung bezogen. Nur eine Sache blieb zurück:… [+2507 chars]",,de,'Heizkosten'
https://www.diepresse.com/41275347/bericht-afd-spitze-und-putins-wirtschaftsberater-planen-ein-treffen,https://www.diepresse.com/41275347/bericht-afd-spitze-und-putins-wirtschaftsberater-planen-ein-treffen,0,www.diepresse.com,Bericht: AfD-Spitze und Putins Wirtschaftsberater planen ein Treffen,Alice Weidel und Tino Chrupalla sollen laut einem Bericht der Nachrichtenagentur Reuters den Kreml-Berater Kirill Dmitrijew treffen. Das Gesprächsthema: Die Wiederaufnahme von Gaslieferungen. Eine Bestätigung für das Treffen gibt es vorerst nicht.,https://img.diepresse.com/public/incoming/byhcq-2025-10-24t215414z1875083056rc26eeaq2z30rtrmadp3ukraine-crisis-russia-usa-dmitrievjpg/alternates/WEBP_WIDE_1200/2025-10-24T215414Z_1875083056_RC26EEAQ2Z30_RTRMADP_3_UKRAINE-CRISIS-RUSSIA-USA-DMITRIEV.JPG,2026-09-18T15:30:38Z,,"Die Presse auf Google als bevorzugte Nachrichtenquelle hinzufügen.
 Die AfD-Führung und ein Wirtschaftsberater des russischen Präsidenten Wladimir Putin bereiten zwei Insidern zufolge ein Treffen im… [+2291 chars]",,de,'Gas Wirtschaft'
https://www.n-tv.de/politik/AfD-Spitze-will-wohl-mit-Putin-Berater-ueber-Gas-Geschaefte-reden-id31322730.html,https://www.n-tv.de/politik/AfD-Spitze-will-wohl-mit-Putin-Berater-ueber-Gas-Geschaefte-reden-id31322730.html,0,www.n-tv.de,"""Das wäre Verrat"": AfD-Spitze will wohl mit Putin-Berater über Gas-Geschäfte reden",Berichte über ein mögliches Treffen der AfD-Spitze mit einem Putin-Vertrauten sorgen für scharfe Kritik in Berlin. Bei den Gesprächen soll es um eine Wiederaufnahme russischer Gaslieferungen gehen. Grüne und CDU warnen vor neuer Abhängigkeit von Moskau.,https://www.n-tv.de/img/31322757/1789750348/Img_16_9/1200/617717509.jpg,2026-09-18T15:43:41Z,,"""Das wäre Verrat""AfD-Spitze will wohl mit Putin-Berater über Gas-Geschäfte reden
Die AfD versucht vor allem in Ostdeutschland mit der Nähe zu Russland zu punkten. (Foto: picture alliance / Chris Emi… [+5120 chars]",,de,'Gas Putin'
https://www.sueddeutsche.de/politik/tankrabatt-preisdeckel-benzin-deutschland-spritpreise-li.3550202,https://www.sueddeutsche.de/politik/tankrabatt-preisdeckel-benzin-deutschland-spritpreise-li.3550202,0,www.sueddeutsche.de,Energiepreise: Neuer Tankrabatt soll kommen – mit Preisdeckel,"Die Bundesregierung will offenbar den alten Tankrabatt wieder in Kraft setzen, aber diesmal kombiniert mit einer Preisobergrenze. Doch noch ist nicht alles geklärt – denn die Länder sollen diesmal mitzahlen.",https://www.sueddeutsche.de/2026/09/18/26bd040a-326b-4b28-abb4-98fe4747756a.jpg?q=60&fm=webp&width=1200&rect=0%2C98%2C4000%2C2250,2026-09-18T15:50:33Z,,"Jetzt soll er anscheinend zurückkommen. Wie aus Regierungskreisen verlautete, sind die seit Tagen laufenden Verhandlungen weit fortgeschritten, ein Ergebnis soll möglichst noch an diesem Freitag verk… [+3779 chars]",,de,'Energiekrise'
https://www.faz.net/aktuell/finanzen/boersenwoche-robert-greil-warnt-vor-konjunkturdaempfer-201239521.html,https://www.faz.net/aktuell/finanzen/boersenwoche-robert-greil-warnt-vor-konjunkturdaempfer-201239521.html,0,www.faz.net,Hohe Energiekosten: Warum der Ölpreis die Börsen mehr beunruhigt als KI,"Die KI-Angst ist an den Märkten verflogen. Nun bangen Anleger wieder um Konjunktur, Inflation – und den Ölpreis.",https://media0.faz.net/image/w1200h627/ca30e04e9155/w5481h2863x0y395o/202609/43601.0.2562131027/spritpreisrekorde-werden-die.webp,2026-09-18T17:42:16Z,,"Es ist noch keine Woche her, da äußerten die Bosse der großen KI-Unternehmen Sorgen, Künstliche Intelligenz könne die Menschheit auslöschen. Da mutet es banal an, gleich wieder zum Tagesgeschäft über… [+4255 chars]",,de,'Energiekosten'
https://www.tagesschau.de/ausland/europa/klingbeil-finanzministertreffen-dublin-100.html,https://www.tagesschau.de/ausland/europa/klingbeil-finanzministertreffen-dublin-100.html,0,www.tagesschau.de,Klingbeil dringt wegen Spritpreisen auf europäische Übergewinnsteuer,Wegen der hohen Spritpreise übt Finanzminister Klingbeil scharfe Kritik an der EU-Kommission. Er fordert eine Übergewinnsteuer für Ölkonzerne auf EU-Ebene. Doch Brüssel zeigt wenig Interesse. Von Sarah López.,https://images.tagesschau.de/image/59d547e0-8c3a-4e4e-9e97-9ab13dd91059/AAABoLWc--o/AAABnSSvrFg/16x9-big/klingbeil-dublin-102.jpg?width=1280,2026-09-18T17:42:39Z,,"Stand: 18.09.2026 19:42 Uhr
Wegen der hohen Spritpreise übt Finanzminister Klingbeil scharfe Kritik an der EU-Kommission. Er fordert eine Übergewinnsteuer für Ölkonzerne auf EU-Ebene. Doch Brüssel z… [+2202 chars]",,de,'Energiepreise'
https://www.tagesspiegel.de/gesellschaft/panorama/dpa-zum-siebten-mal-2026-stromnetz-auf-kuba-bricht-erneut-zusammen-16073122.html,https://www.tagesspiegel.de/gesellschaft/panorama/dpa-zum-siebten-mal-2026-stromnetz-auf-kuba-bricht-erneut-zusammen-16073122.html,0,www.tagesspiegel.de,Zum siebten Mal 2026: Stromnetz auf Kuba bricht erneut zusammen,"US-Ölembargo, marode Kraftwerke: Die Energiekrise auf Kuba spitzt sich zu. Rund 9,4 Millionen Menschen haben keinen Strom.",https://www.tagesspiegel.de/images/16073121/alternates/BASE_16_9_W1400/1789759448000/inselweiter-stromausfall-auf-kuba.jpeg,2026-09-18T19:24:08Z,,"Im Karibikstaat Kuba ist es zum siebten Mal seit Jahresbeginn zu einem kompletten Stromausfall gekommen. Die Ursache wird umgehend untersucht, und die Protokolle zur Wiederherstellung der Versorgung … [+1630 chars]",,de,'Blackout'
https://www.morgenpost.de/wirtschaft/article413151752/heizoelpreise-aktuell-19-september-preis-heizoel-heizung-liter-heute-kaufen.html,https://www.morgenpost.de/wirtschaft/article413151752/heizoelpreise-aktuell-19-september-preis-heizoel-heizung-liter-heute-kaufen.html,0,www.morgenpost.de,Heizölpreise aktuell: Was ein Liter heute (19. September) kostet,Die Heizölpreise sind so hoch wie lange nicht mehr. Doch nun fällt der Preis (19. September) wieder ein wenig. Was ein Liter aktuell kostet.,https://img.sparknews.funkemedien.de/406781589/406781589_1720770938_v16_9_1600.jpeg,2026-09-19T12:01:37Z,,Ist das die lang ersehnte Trendwende bei den Heizölpreisen? Nach Wochen des Anstiegs geht es aktuell (19. September) wieder leicht nach unten. Der Unterschied ist marginal könnte aber viele Verbrauch… [+8916 chars],,de,'Heizkosten'
https://www.n-tv.de/politik/Putin-Beauftragter-umgarnt-AfD-vor-Landtagswahl-id31324595.html,https://www.n-tv.de/politik/Putin-Beauftragter-umgarnt-AfD-vor-Landtagswahl-id31324595.html,0,www.n-tv.de,Wahlkampfhilfe aus Moskau: Putin-Beauftragter umgarnt AfD vor Landtagswahl,Kurz vor der Wahl in Mecklenburg-Vorpommern lässt der Kreml jede Zurückhaltung fallen: Putins Wirtschaftsbeauftragter Kirill Dmitrijew jubelt der AfD öffentlich zu - und stellt ihr im Falle eines Sieges bezahlbares Nord-Stream-Gas in Aussicht.,https://www.n-tv.de/img/31324606/1789826439/Img_16_9/1200/619630909.jpg,2026-09-19T13:43:51Z,,"Wahlkampfhilfe aus MoskauPutin-Beauftragter umgarnt AfD vor Landtagswahl
Bei der Landtagswahlen in Mecklenburg-Vorpommern liefern sich SPD und AfD laut Umfragen ein Kopf-an-Kopf-Rennen. (Foto: pictu… [+2821 chars]",,de,'Gas Wirtschaft'
https://taz.de/LNG-Boom-in-Mosambik/!6197785/,https://taz.de/LNG-Boom-in-Mosambik/!6197785/,0,taz.de,LNG-Boom in Mosambik: Das Gas ist da. Der Wohlstand nicht,Mosambik setzt auf Milliardeninvestitionen in Erdgas. Doch die versprochenen Jobs und Entwicklungschancen für viele Menschen bleiben aus.,https://taz.de/picture/8740989/1200/41853726.jpeg,2026-09-19T16:12:00Z,,Mosambik setzt auf Milliardeninvestitionen in Erdgas. Doch die versprochenen Jobs und Entwicklungschancen für viele Menschen bleiben aus. mehr...,,de,'LNG'
https://www.nzz.ch/wissenschaft/nach-muehleberg-soll-ein-stillgelegtes-akw-zum-denkmal-werden-ld.10023681,https://www.nzz.ch/wissenschaft/nach-muehleberg-soll-ein-stillgelegtes-akw-zum-denkmal-werden-ld.10023681,0,www.nzz.ch,"Könnte man ein AKW als Denkmal erhalten? Man müsste, sagt eine Expertin","Mühleberg ist schon stillgelegt, für Beznau I und II stehen die Termine. Derweil hat unter den Architekturhistorikern eine rege Debatte darüber angefangen, was aus dem «kulturellen Erbe» des Atomzeitalters werden könnte.","https://img-msp-prod.nzz.ch/2025/09/29/c1faa9eb-2bcc-45a8-ae22-1fc73796d056.jpg?width=1200&height=675&fit=bounds&quality=75&auto=webp&crop=5541,3117,x0,y289&wmark=nzz",2026-09-20T03:30:00Z,,"Mühleberg ist schon stillgelegt, für Beznau I und II stehen die Termine. Derweil hat unter den Architekturhistorikern eine rege Debatte darüber angefangen, was aus dem «kulturellen Erbe» des Atomzeit… [+8820 chars]",,de,'AKW'
https://wien.orf.at/stories/3371063/,https://wien.orf.at/stories/3371063/,0,wien.orf.at,Zahl der Gasheizungen stagniert,"Wien will bis 2040 klimaneutral sein. Doch immer noch gibt es über eine halbe Million Gaszähler, der Bundesfördertopf für den Umbau ist leer und österreichweit werden weniger Wärmepumpen und mehr Ölkessel verkauft.",https://ibs.orf.at/wie?image=https%3A%2F%2Foekastatic.orf.at%2Fmims%2F2022%2F10%2F27%2Fcrops%2Fw%3D1200%2Ch%3D627%2Cq%3D75%2F1261370_master_449927_meldungsliste14.jpg%3Fs%3Da6100d12ed4e238713e67ad40e21f1f3153bd304,2026-09-20T12:53:49Z,,"Um die Klimaziele bis 2040 zu erreichen, werden fossile Heizungen gegen erneuerbare Alternativen wie Wärmepumpen ausgetauscht. Im Jahr 2024 gab es laut dem Energiebericht der Stadt Wien aber noch meh… [+3380 chars]",,de,'Gasheizung'
https://www.morgenpost.de/wirtschaft/article413151752/heizoelpreise-aktuell-20-september-preis-heizoel-heizung-liter-heute-kaufen.html,https://www.morgenpost.de/wirtschaft/article413151752/heizoelpreise-aktuell-20-september-preis-heizoel-heizung-liter-heute-kaufen.html,0,www.morgenpost.de,Heizölpreise aktuell: Das kostet ein Liter heute (20. September),Die Heizölpreise sind so hoch wie lange nicht mehr. Doch nun fällt der Preis (20. September) wieder ein wenig. Das kostet ein Liter heute.,https://img.sparknews.funkemedien.de/411013672/411013672_1769181761_v16_9_1600.jpeg,2026-09-20T15:22:00Z,,Ist das die lang ersehnte Trendwende bei den Heizölpreisen? Nach Wochen des Anstiegs geht es aktuell (20. September) wieder leicht nach unten. Der Unterschied ist marginal könnte aber viele Verbrauch… [+8916 chars],,de,'Heizöl'
https://www.focus.de/immobilien/vertragsstreit-dortmunderin-zahlt-16-monate-unbemerkt-heizkosten-weiter_0ff74200-26c1-4132-b6da-02d0e947a597.html,https://www.focus.de/immobilien/vertragsstreit-dortmunderin-zahlt-16-monate-unbemerkt-heizkosten-weiter_0ff74200-26c1-4132-b6da-02d0e947a597.html,0,www.focus.de,Vertragsstreit: Dortmunderin zahlt 16 Monate unbemerkt Heizkosten weiter,Nach ihrem Auszug zahlte eine Dortmunderin weiter für die Wärmeversorgung ihrer alten Wohnung. Jetzt geht es um mehr als 1200 Euro.,"https://quadro.burda-forward.de/ctf/63dfe7a8-5d6c-49ad-8d18-7091e22001fe.0d6531be-1e3d-480f-844b-b6ed0b7e7efa.jpg?im=RegionOfInterestCrop=(1200,630),regionOfInterest=(547,570)&hash=e176b77fe1395bba3e192c51629bd88d5022efaa15e2344bfe21ff836f6dc38e",2026-09-20T15:23:00Z,,"Mit dem Auszug aus ihrer Dortmunder Wohnung schien für Celine Emanuelsson im August 2023 alles erledigt. Schlüssel übergeben, Zählerstände gemeldet, neue Wohnung bezogen. Nur eine Sache blieb zurück:… [+2507 chars]",,de,'Heizkosten'
https://www.focus.de/immobilien/vertragsstreit-dortmunderin-zahlt-16-monate-lang-unbemerkt-heizkosten-weiter_0ff74200-26c1-4132-b6da-02d0e947a597.html,https://www.focus.de/immobilien/vertragsstreit-dortmunderin-zahlt-16-monate-lang-unbemerkt-heizkosten-weiter_0ff74200-26c1-4132-b6da-02d0e947a597.html,0,www.focus.de,Vertragsstreit: Dortmunderin zahlt 16 Monate lang unbemerkt Heizkosten weiter,Nach ihrem Auszug zahlte eine Dortmunderin weiter für die Wärmeversorgung ihrer alten Wohnung. Jetzt geht es um mehr als 1200 Euro.,"https://quadro.burda-forward.de/ctf/63dfe7a8-5d6c-49ad-8d18-7091e22001fe.0d6531be-1e3d-480f-844b-b6ed0b7e7efa.jpg?im=RegionOfInterestCrop=(1200,630),regionOfInterest=(547,570)&hash=e176b77fe1395bba3e192c51629bd88d5022efaa15e2344bfe21ff836f6dc38e",2026-09-21T05:08:00Z,,"Mit dem Auszug aus ihrer Dortmunder Wohnung schien für Celine Emanuelsson im August 2023 alles erledigt. Schlüssel übergeben, Zählerstände gemeldet, neue Wohnung bezogen. Nur eine Sache blieb zurück:… [+2507 chars]",,de,'Heizkosten'
https://www.tagesspiegel.de/wirtschaft/dpa-bundesbank-monatsbericht-deutsche-wirtschaft-verliert-vorubergehend-an-fahrt-16080250.html,https://www.tagesspiegel.de/wirtschaft/dpa-bundesbank-monatsbericht-deutsche-wirtschaft-verliert-vorubergehend-an-fahrt-16080250.html,0,www.tagesspiegel.de,Bundesbank-Monatsbericht: Deutsche Wirtschaft verliert vorübergehend an Fahrt,"Hohe Energiepreise, schwacher Konsum und die Folgen des Niedrigwassers belasten die Konjunktur. Für das vierte Quartal ist die Bundesbank aber optimistischer.",https://www.tagesspiegel.de/images/16080249/alternates/BASE_16_9_W1400/1789984894000/guterschiff-auf-dem-rhein.jpeg,2026-09-21T10:01:34Z,,Nach einem Dämpfer im dritten Quartal dürfte sich die deutsche Wirtschaft nach Einschätzung der Bundesbank zum Jahresende positiver entwickeln. Im vierten Quartal sollte die deutsche Wirtschaft wiede… [+2303 chars],,de,'Gas Industrie'
https://www.telepolis.de/article/Katar-kauft-selbst-Gas-in-den-USA-und-deutsche-Verbraucher-zahlen-drauf-11459958.html,https://www.telepolis.de/article/Katar-kauft-selbst-Gas-in-den-USA-und-deutsche-Verbraucher-zahlen-drauf-11459958.html,0,www.telepolis.de,Katar kauft selbst Gas in den USA – und deutsche Verbraucher zahlen drauf,"Das Emirat verhandelt mit US-Produzenten über Langfristverträge. Reparaturen dauern Jahre, der IWF erwartet 8,6 Prozent Wirtschaftseinbruch für Katar.",https://heise.cloudimg.io/v7/_www-heise-de_/imgs/18/5/1/6/8/5/0/6/shutterstock_1078242305-4617e0b48ec6a427.jpg?func=bound&height=1200&org_if_sml=1&q=85&width=1200,2026-09-21T10:25:00Z,,"(Bild: Shutterstock)
Das Emirat verhandelt mit US-Produzenten über Langfristverträge. Reparaturen dauern Jahre, der IWF erwartet 8,6 Prozent Wirtschaftseinbruch für Katar.
Der Krieg gegen den Iran … [+5178 chars]",,de,'Gas Wirtschaft'
https://www.tagesspiegel.de/internationales/naturlich-suchen-die-deutschen-nach-einer-alternative-russland-begrundet-afd-erfolg-mit-hohen-gaspreisen--und-plant-wohl-schon-treffen-16081551.html,https://www.tagesspiegel.de/internationales/naturlich-suchen-die-deutschen-nach-einer-alternative-russland-begrundet-afd-erfolg-mit-hohen-gaspreisen--und-plant-wohl-schon-treffen-16081551.html,0,www.tagesspiegel.de,„Natürlich suchen die Deutschen nach einer Alternative“: Russland begründet AfD-Erfolg mit hohen Gaspreisen – und plant wohl schon Treffen,"Kremlsprecher Peskow kann nachvollziehen, dass die Deutschen sich nach alternativen Machthabern umschauen. Unterdessen gibt es Berichte über ein geplantes Treffen mit AfD-Vertretern.",https://www.tagesspiegel.de/images/15846516/alternates/BASE_16_9_W1400/1789997409000/file-photo-russian-president-putin-holds-the-annual-press-conference-in-moscow.jpeg,2026-09-21T13:58:05Z,,"Moskau führt die jüngsten Wahlerfolge der AfD bei den Landtagswahlen auf die Abkehr Deutschlands von billigem russischem Gas zurück. Wie Kremlsprecher Dmitri Peskow am Montag erklärte, seien die Abst… [+4915 chars]",,de,'Gas Ukraine'
https://www.bild.de/leben-wissen/mein-geld-finanzportal/heizkosten-2026-gaskunden-koennen-aufatmen-aber-nur-kurz-6ab12babb1857e86757a9adf,https://www.bild.de/leben-wissen/mein-geld-finanzportal/heizkosten-2026-gaskunden-koennen-aufatmen-aber-nur-kurz-6ab12babb1857e86757a9adf,0,www.bild.de,Nur Gaskunden können aufatmen - So teuer werden die Heizkosten dieses Jahr,"Wer mit Gas heizt, könnte 2026 erstmals wieder etwas weniger zahlen. Denn Gas wird günstiger, Heizöl aber schießt nach oben und Fernwärme ist und bleibt …","https://images.bild.de/6ab12babb1857e86757a9adf/a63d087f99197168869247f040f42e25,8ddc8ac7?w=1280",2026-09-21T22:01:30Z,,"+++Security-Mitarbeiter auf der Wiesn fast von Fahrgeschäft totgequetscht 
+++Security-Mitarbeiter auf der Wiesn fast von Fahrgeschäft totgequetscht 
+++Security-Mitarbeiter auf der Wiesn fast von … [+557 chars]",,de,'Heizkosten'
https://www.tagesspiegel.de/wirtschaft/dpa-energiekosten-prognose-heizkosten-steigen-2026-an-16082540.html,https://www.tagesspiegel.de/wirtschaft/dpa-energiekosten-prognose-heizkosten-steigen-2026-an-16082540.html,0,www.tagesspiegel.de,Energiekosten: Prognose: Heizkosten steigen 2026 an,"Es zeichnet sich ab, dass Haushalte in diesem Jahr fürs Heizen oft mehr bezahlen müssen als 2025. Wer mit Gas heizt, könnte erstaunlicherweise aber noch Glück haben. Eine neue Studie nennt Gründe.",https://www.tagesspiegel.de/images/16082539/alternates/BASE_16_9_W1400/1790028188000/thermostat-ventil-an-einem-heizkorper.jpeg,2026-09-21T22:03:07Z,,"Haushalte in Deutschland müssen im laufenden Jahr laut einer Studie erneut mit höheren Heizkosten rechnen. Besonders Heizöl und Holzpellets dürften deutlich teurer werden, berichtete die Beratungsges… [+2738 chars]",,de,'Energiekosten'
https://www.focus.de/finanzen/news/sorge-in-der-lng-branche-ich-weiss-nicht-wie-europa-durch-den-winter-kommen-wird_3c9d12ef-17e1-48d1-bbbc-859d1aa7afab.html,https://www.focus.de/finanzen/news/sorge-in-der-lng-branche-ich-weiss-nicht-wie-europa-durch-den-winter-kommen-wird_3c9d12ef-17e1-48d1-bbbc-859d1aa7afab.html,0,www.focus.de,"Sorge in der LNG-Branche: „Ich weiß nicht, wie Europa durch den Winter kommen wird“",Führungskräfte in der LNG-Branche sind besorgt. Die Gastanks der EU sind historisch schwach gefüllt. Es gibt jedoch Lichtblicke.,"https://quadro.burda-forward.de/ctf/8909c85c-40ce-486d-9a3e-8c9154e34adf.cc866d81-1a16-4b46-a95b-949a31e95de8.jpg?im=RegionOfInterestCrop=(1200,630),regionOfInterest=(1503,944)&hash=83529c14b63136440b7c4c198043f041412859caf21f4928e411053085ab7b10",2026-09-22T03:45:00Z,,"Auf der Gastech-Konferenz, die im September in Thailand stattfand, äußerten Führungskräfte der LNG-Branche große Besorgnis. Ich weiß nicht, wie Europa diesen Winter überstehen wird, war die einhellig… [+4538 chars]",,de,'Winter Gas'
https://www.faz.net/aktuell/wirtschaft/klima-nachhaltigkeit/hohe-gaspreise-und-energieknappheit-schafft-die-gasspeicherziele-ab-201225235.html,https://www.faz.net/aktuell/wirtschaft/klima-nachhaltigkeit/hohe-gaspreise-und-energieknappheit-schafft-die-gasspeicherziele-ab-201225235.html,0,www.faz.net,Sichere Energieversorgung: Schafft die Gasspeicherziele ab!,"Europa hat wieder eine Energiekrise am Hals. Teure, überhastete Aktionen helfen aber nicht beim Aufbau von Resilienz. Was für eine sichere Versorgung nötig wäre.",https://media0.faz.net/image/w1200h627/ce5520387829/w6000h3135x0y534o/202609/43601.0.2558519129/soll-bald-fluessiggas-nach.webp,2026-09-22T04:41:14Z,,"Es ist jetzt gut vier Jahre her, dass der damalige Bundeswirtschaftsminister Robert Habeck (Grüne) die Deutschen aufforderte, weniger zu duschen, um Gas zu sparen. Der russische Machthaber Wladimir P… [+4502 chars]",,de,'Gas Ukraine'
https://www.morgenpost.de/wirtschaft/article413220616/heizoelpreise-aktuell-22-september-preis-heizoel-heizung-liter-heute-kaufen.html,https://www.morgenpost.de/wirtschaft/article413220616/heizoelpreise-aktuell-22-september-preis-heizoel-heizung-liter-heute-kaufen.html,0,www.morgenpost.de,Heizölpreise aktuell: Das kostet ein Liter heute (22. September),Die Heizölpreise sind so hoch wie lange nicht mehr. Doch nun fällt der Preis (22. September) wieder ein wenig. Das kostet ein Liter heute.,https://img.sparknews.funkemedien.de/406781589/406781589_1720770938_v16_9_1600.jpeg,2026-09-22T05:40:54Z,,"Der Herbst ist da, die Heizperiode beginnt. Viele Verbraucherinnen und Verbraucher haben angesichts der zuletzt kontinuierlich steigenden Heizölpreise mit dem Kauf von Heizöl gewartet oder nur Teilme… [+9194 chars]",,de,'Heizkosten'
https://www.welt.de/wirtschaft/article6ab20de0b1857e86757aa3a5/heizspiegel-heizkosten-steigen-in-diesem-jahr-deutlich-an-gaskunden-koennen-aufatmen.html,https://www.welt.de/wirtschaft/article6ab20de0b1857e86757aa3a5/heizspiegel-heizkosten-steigen-in-diesem-jahr-deutlich-an-gaskunden-koennen-aufatmen.html,0,www.welt.de,Heizkosten steigen in diesem Jahr deutlich an – Gaskunden können aufatmen,"Heizen wird in diesem Jahr einer Prognose zufolge für viele Haushalte wieder teurer werden. Besonders Öl und Pellets schlagen zu Buche, während Gaskunden leicht entlastet werden könnten.",https://images.welt.de/6ab20de0b1857e86757aa3a5/5bad067a06d5f7b06a08eeb53b011496-master/ci16x9-w1200/dpa-com-260921-935-1626232-jpg,2026-09-22T05:58:18Z,,"Heizen wird in diesem Jahr einer Prognose zufolge für viele Haushalte wieder teurer werden. Besonders Öl und Pellets schlagen zu Buche, während Gaskunden leicht entlastet werden könnten.Klicken Sie h… [+2792 chars]",,de,'Wärmepumpe'
https://www.tagesschau.de/wirtschaft/verbraucher/prognose-heizkosten-2026-100.html,https://www.tagesschau.de/wirtschaft/verbraucher/prognose-heizkosten-2026-100.html,0,www.tagesschau.de,Heizkosten steigen 2026 laut Prognose an,"Die Heizkosten für deutsche Haushalte steigen laut einer Prognose auch in diesem Jahr weiter an. Dabei gibt es Unterschiede zwischen den einzelnen Heizarten, denn nicht alle Brennstoffe werden teurer.",https://images.tagesschau.de/image/e5063526-8d69-4152-8056-c3d2d2802970/AAABoMetNKQ/AAABnSSvrFg/16x9-big/heizen-148.jpg?width=1280,2026-09-22T08:06:34Z,,"Stand: 22.09.2026 10:06 Uhr
Die Heizkosten für deutsche Haushalte steigen laut einer Prognose auch in diesem Jahr weiter an. Dabei gibt es Unterschiede zwischen den einzelnen Heizarten, denn nicht a… [+4044 chars]",,de,'Heizkosten'
https://www.dw.com/de/deutschland-vor-dem-winter-gasnotstand-oder-panikmache/a-79305669,https://www.dw.com/de/deutschland-vor-dem-winter-gasnotstand-oder-panikmache/a-79305669,0,www.dw.com,Deutschland vor dem Winter: Gasnotstand oder Panikmache?,"Die Füllstände der Gasspeicher liegen sehr niedrig - und das vor der Heizsaison. Bei manchen klingen die Alarmglocken, andere bleiben ruhig und wiegeln ab. Wie sicher ist die Versorgung und wie teuer wird das Gas? Aktuell, das heißt bis zum 20. September 2026…",https://static.dw.com/image/79153629_6.jpg,2026-09-22T08:11:00Z,,"Aktuell, das heißt bis zum 20. September 2026, waren rund 141 Terawattstunden Gas eingespeichert, das sind gut 57 Prozent der Speicherkapazitäten. Im gesamten letzten Winter wurden laut Netzagentur k… [+6602 chars]",,de,'Winter Gas'
https://www.n-tv.de/wirtschaft/Nach-Putin-sitzt-nun-Trump-am-Gas-Erpressungshebel-id31331534.html,https://www.n-tv.de/wirtschaft/Nach-Putin-sitzt-nun-Trump-am-Gas-Erpressungshebel-id31331534.html,0,www.n-tv.de,Deutschlands neue Abhängigkeit : Nach Putin sitzt nun Trump am Gas-Erpressungshebel,"Statt russischem Gas importiert Deutschland heute ein entscheidende Menge Flüssiggas aus den USA. Kritiker sehen ein erhebliches Risiko für die Preise, aber auch die Versorgungssicherheit. Gezielt Europa könnte Donald Trump allerdings nicht so einfach unter D…",https://www.n-tv.de/img/31331495/1790006677/Img_16_9/1200/592161395.jpg,2026-09-22T09:09:11Z,,"Ein Tanker entlädt bei Athen LNG aus den USA. (Foto: picture alliance / NurPhoto)
Statt russischem Gas importiert Deutschland heute ein entscheidende Menge Flüssiggas aus den USA. Kritiker sehen ein… [+4909 chars]",,de,'Flüssiggas'
https://www.bild.de/politik/inland/pellets-und-heizoel-besonders-teuer-2026-droht-der-naechste-preisschock-beim-heizen-6ab224d8708e760b5e067358,https://www.bild.de/politik/inland/pellets-und-heizoel-besonders-teuer-2026-droht-der-naechste-preisschock-beim-heizen-6ab224d8708e760b5e067358,0,www.bild.de,Damit wird es besonders teuer - 2026 droht der nächste Preisschock beim Heizen,"Die Heizkosten steigen! Besonders hart trifft es Haushalte, die mit Heizöl oder Holzpellets heizen.","https://images.bild.de/6ab224d8708e760b5e067358/489f634018fa6a2de9e79a1b2cc31940,855563df?w=1280",2026-09-22T09:13:43Z,,"TTS-Player überspringenArtikel weiterlesenBerlin  Die Heizkosten steigen! Besonders hart trifft es Haushalte, die mit Heizöl oder Holzpellets heizen. Und langfristig droht fossiles Heizen zum echten … [+3213 chars]",,de,'Heizöl'
https://ooe.orf.at/stories/3372230/,https://ooe.orf.at/stories/3372230/,0,ooe.orf.at,Großspeicher könnten Haushalten 200 Euro sparen,Oberösterreich erlebt derzeit einen Boom bei großen Batteriespeichern. Bei den Netzbetreibern gibt es mehrere hundert Anfragen. Die Speicher sollen Strom aus Sonne und Wind auch bei Flaute und Dunkelheit verfügbar machen – und damit die Energiewende vorantrei…,https://ibs.orf.at/ooe?image=https%3A%2F%2Foekastatic.orf.at%2Fmims%2F2026%2F39%2F73%2Fcrops%2Fw%3D1200%2Ch%3D627%2Cq%3D75%2F3192019_master_1238173_11.jpg%3Fs%3D67396e926e2a82b3ac6e45c6a874e450e9be8127,2026-09-22T15:54:40Z,,"In ganz Österreich gehen derzeit fast wöchentlich neue Großspeicher ans Netz. Im Innviertel, in Wagenham bei Pischelsdorf, hat die NGEN-Gruppe dieser Tage eine der größten Anlagen Europas in Betrieb … [+2466 chars]",,de,'Gas sparen'
https://www.focus.de/finanzen/news/sir-jim-ratcliffe-stellt-produktion-in-wichtigen-britischen-werken-ein-und-gibt-hohen-gaspreisen-die-schuld_67975fff-19ca-40a6-8d89-f4a8769db60f.html,https://www.focus.de/finanzen/news/sir-jim-ratcliffe-stellt-produktion-in-wichtigen-britischen-werken-ein-und-gibt-hohen-gaspreisen-die-schuld_67975fff-19ca-40a6-8d89-f4a8769db60f.html,0,www.focus.de,Sir Jim Ratcliffe stellt Produktion in wichtigen britischen Werken ein und gibt hohen Gaspreisen die Schuld,"Ineos stoppt drei Chemieanlagen wegen hoher Gaspreise. Der Fall zeigt, wie Europas Energiekosten die Industrie unter Druck setzen.","https://quadro.burda-forward.de/ctf/7358f5fe-6a8c-4653-91bb-1987934dfdbb.0f93b790-2180-4af7-bc66-608617072e08.jpg?im=RegionOfInterestCrop=(1200,630),regionOfInterest=(575,523)&hash=884ca865100962725fdf998e572d0e9afdba1bd42956b67ce31253ca74d5de39",2026-09-23T08:54:00Z,,"Im englischen Hull wird sichtbar, was hohe Gaspreise für Europas Industrie bedeuten können. Der britische Chemiekonzern Ineos stoppt die Produktion in drei Anlagen. Gas dient dort nicht nur als Energ… [+4146 chars]",,de,'Gas Industrie'
https://www.morgenpost.de/wirtschaft/article413220616/heizoelpreise-aktuell-23-september-preis-heizoel-heizung-liter-heute-kaufen.html,https://www.morgenpost.de/wirtschaft/article413220616/heizoelpreise-aktuell-23-september-preis-heizoel-heizung-liter-heute-kaufen.html,0,www.morgenpost.de,Heizölpreise aktuell: Endlich sinkende Preise? Das kostet ein Liter heute,Bei den Heizölpreisen ging es zuletzt deutlich nach oben. Setzt sich dieser Trend heute (4. September) fort? Der aktuelle Überblick.,https://img.sparknews.funkemedien.de/411750101/411750101_1776513267_v16_9_1600.jpeg,2026-09-23T09:16:08Z,,"Ist es nur ein Zwischentief oder die lange erwartete Entspannung bei den Heizölpreisen? Nach einem Preisextrem Mitte September fallen die Kosten aktuell wieder. Noch ist der Unterschied gering, weswe… [+8997 chars]",,de,'Heizkosten'
https://www.focus.de/immobilien/80-prozent-ziel-fuer-netzagentur-chef-nicht-mehr-zu-schaffen-widersprueche-bei-gasspeicher-problem_cd8690c9-2ae9-466c-93d0-0124caa9d50b.html,https://www.focus.de/immobilien/80-prozent-ziel-fuer-netzagentur-chef-nicht-mehr-zu-schaffen-widersprueche-bei-gasspeicher-problem_cd8690c9-2ae9-466c-93d0-0124caa9d50b.html,0,www.focus.de,80-Prozent-Ziel für Netzagentur-Chef „nicht mehr zu schaffen“ – Widersprüche bei Gasspeicher-Problem,"Deutschland füllt unter Hochdruck seine Gasspeicher auf. Es ist unklar, ob das Stichdatum im November erreicht wird. Die Bundesnetzagentur priorisiert mittlerweile neu.","https://quadro.burda-forward.de/ctf/52605bd2-fb56-4218-a614-07b8981617b1.888f2fde-8c19-4095-a71e-03818546d3d3.jpg?im=RegionOfInterestCrop=(1200,630),regionOfInterest=(2156,1374)&hash=2206765086eece75a890405d82bc94efe90e90398b90dbe2315fd39174b5ba25",2026-09-23T11:51:00Z,,Die Gasversorgung ist stabil: Seit vielen Monaten die Bundesnetzagentur Entwarnung hinsichtlich der deutschen Gasvorräte. Die Gefahr einer angespannten Gasversorgung sei gering. Allerdings haben zu h… [+5062 chars],,de,'Gasspeicher'
https://www.golem.de/sonstiges/zustimmung/auswahl.html?from=https://www.golem.de/news/co2-ausstieg-der-bundesregierung-ja-zur-waermepumpe-nein-zum-verbrenner-2609-213362.html&referer=https://t.co/c3459f2990,https://www.golem.de/sonstiges/zustimmung/auswahl.html?from=https://www.golem.de/news/co2-ausstieg-der-bundesregierung-ja-zur-waermepumpe-nein-zum-verbrenner-2609-213362.html&referer=https://t.co/c3459f2990,0,www.golem.de,"CO2-Ausstieg der Bundesregierung: Ja zur Wärmepumpe, nein zum Verbrenner","Die Bundesregierung beschließt den Fahrplan zur Energiewende. Er wird auf der UN-Generalversammlung vorgestellt und hält Überraschungen bereit. (Energiewende, Elektroauto)",,2026-09-23T14:23:02Z,,"Besuchen Sie Golem.de wie gewohnt mit Werbung und Tracking,
 indem Sie der Nutzung aller Cookies zustimmen.
 Details zum Tracking finden Sie im Privacy Center.
Skript wurde nicht geladen. Informat… [+607 chars]",,de,'Wärmepumpe'
https://www.derstandard.at/story/3000000341042/trotz-aller-nachteile-her-mit-der-spritpreisbremse,https://www.derstandard.at/story/3000000341042/trotz-aller-nachteile-her-mit-der-spritpreisbremse,0,www.derstandard.at,Trotz aller Nachteile: Her mit der Spritpreisbremse!,"Die Inflation ungebremst durchrauschen zu lassen, ist die schlechteste aller Optionen",https://i.ds.at/4e7XBA/rs:fill:1200:600/plain/lido-images/2026/09/23/074ffa7c-6507-4857-a724-2a0b925a4b5d.jpg,2026-09-23T15:36:44Z,,"Sie entscheiden darüber, wie Sie unsere Inhalte nutzen wollen. Ihr Gerät erlaubt uns derzeit leider nicht, die entsprechenden Optionen anzuzeigen.
Bitte deaktivieren Sie sämtliche Hard- und Software… [+180 chars]",,de,'Inflation'
https://ooe.orf.at/stories/3371478/,https://ooe.orf.at/stories/3371478/,0,ooe.orf.at,"Teurer Start in die Heizsaison: Öl, Gas und Pellets ziehen an","Mit dem nahenden Winter steigen die Heizkosten. Ob Öl, Gas, Pellets oder Holz – die Preise variieren und sind von verschiedenen Faktoren beeinflusst. Experten raten zum Umstieg auf erneuerbare Energien und zur Gebäudedämmung.",https://ibs.orf.at/ooe?image=https%3A%2F%2Foekastatic.orf.at%2Fmims%2F2026%2F38%2F98%2Fcrops%2Fw%3D1200%2Ch%3D627%2Cq%3D75%2F3185175_master_1235398_300101_ooeh_start_heizsaison_ohnegrafik_00_01_57_13.jpg%3Fs%3D4601af0b9f096831b3b89cd009f3cf876f13e2bd,2026-09-23T16:25:32Z,,"Wohlig-warm wollen wir es alle bald wieder haben. Wie viel wir für diese Wärme bezahlen, hängt davon ab, womit wir heizen. Ob mit Gas oder Öl, per Wärmepumpe, mit Pellets oder Holz die Preiskurve zei… [+1917 chars]",,de,'Heizkosten'
https://www.faz.net/aktuell/wirtschaft/mehr-wirtschaft/veronika-grimm-wie-europas-gasversorgung-resilienter-wird-201254589.html,https://www.faz.net/aktuell/wirtschaft/mehr-wirtschaft/veronika-grimm-wie-europas-gasversorgung-resilienter-wird-201254589.html,0,www.faz.net,Neue Studie: Wie Europas Gasversorgung resilienter werden kann,Die Ökonomin Veronika Grimm sieht Europas Gasrisiken nur verlagert. Sie rät zu flexiblen Langfristverträgen und offenem Umgang mit blauem Wasserstoff.,https://media0.faz.net/image/w1200h627/46fd657cabd1/w5244h2739x0y105o/202607/43601.0.2382958833/energielieferung-lng.webp,2026-09-23T17:31:12Z,,"Die Ökonomin Veronika Grimm empfiehlt, dass Europa einen größeren Teil seines Gasbedarfs langfristig absichert und die Verträge flexibler gestaltet. Russische Pipeline-Importe seien vor allem durch L… [+3658 chars]",,de,'Gasmangel'
https://www.welt.de/politik/article6ab41c6f274d1bab27b69e8e/steuerentlastung-oesterreich-senkt-spritpreise-autofahrer-sollen-ueber-12-cent-je-liter-sparen.html,https://www.welt.de/politik/article6ab41c6f274d1bab27b69e8e/steuerentlastung-oesterreich-senkt-spritpreise-autofahrer-sollen-ueber-12-cent-je-liter-sparen.html,0,www.welt.de,Österreich senkt Spritpreise – Autofahrer sollen über 12 Cent je Liter sparen,Österreich reagiert auf die stark gestiegenen Kraftstoffpreise mit einer neuen Entlastung. Autofahrer sollen an der Zapfsäule mehr als 12 Cent pro Liter sparen. Auch Deutschland plant ab Oktober eine deutliche Senkung der Energiesteuer.,https://images.welt.de/6ab41c6f274d1bab27b69e8e/8d61838a82cdae88bac3b2a73ef2e5f5-master/ci16x9-w1200/619334140-jpg,2026-09-23T18:54:55Z,,"In Österreich sollen Spritpreise im Oktober und November durch Maßnahmen der Regierung um 12 Cent pro Liter sinken. Die Mineralölsteuer werde um 6,7 Cent  und bei Diesel damit auf das EUMinimum  hera… [+1147 chars]",,de,'Energie sparen'
https://www.tagesschau.de/wirtschaft/finanzen/marktberichte/dax-dow-jones-oel-zinsen-100.html,https://www.tagesschau.de/wirtschaft/finanzen/marktberichte/dax-dow-jones-oel-zinsen-100.html,0,www.tagesschau.de,Marktbericht: Ölpreis und Zinsängste belasten die Börsen,Der DAX dürfte heute zum Handelsbeginn sinken. Der kräftige Anstieg des Ölpreises schürt neue Inflations- und Zinssorgen. Im Fokus stehen zudem der Trump-Xi-Gipfel und die neue Konjunkturprognose.,https://images.tagesschau.de/image/34ea17f5-2721-4579-8873-9d17cf4a3717/AAABlZSPJo8/AAABnSSvrFg/16x9-big/boerse-394.jpg?width=1280,2026-09-24T05:26:00Z,,"Stand: 24.09.2026 07:26 Uhr
Der DAX dürfte heute zum Handelsbeginn sinken. Der kräftige Anstieg des Ölpreises schürt neue Inflations- und Zinssorgen. Im Fokus stehen zudem der Trump-Xi-Gipfel und di… [+4391 chars]",,de,'Inflation'
https://www.tagesspiegel.de/politik/rechenzentrum-bald-nur-noch-im-paket-mit-windrad-grune-wollen-dass-ki-industrie-sich-am-ausbau-der-erneuerbaren-beteiligt-16086884.html,https://www.tagesspiegel.de/politik/rechenzentrum-bald-nur-noch-im-paket-mit-windrad-grune-wollen-dass-ki-industrie-sich-am-ausbau-der-erneuerbaren-beteiligt-16086884.html,0,www.tagesspiegel.de,"Rechenzentrum bald nur noch im Paket mit Windrad?: Grüne wollen, dass KI-Industrie sich am Ausbau der Erneuerbaren beteiligt","Der Strombedarf für Rechenzentren wird stark steigen. Damit dafür nicht mehr Kohle und Gas verbrannt werden müssen, sollen deren Betreiber in neue Windräder und Solarparks investieren, fordern die Grünen.",https://www.tagesspiegel.de/images/16088557/alternates/BASE_16_9_W1400/1790172267000/leag-gigaone-inbetriebnahme-windpark-forst-briesnig-2.jpeg,2026-09-24T06:58:48Z,,"ChatGPT ist ein Stromfresser. Die Bundesnetzagentur schätzt, dass sich der Strombedarf für Rechenzentren in Deutschland bis 2037 verfünffachen wird. Ganze zehn Prozent des Strombedarfs gingen dann al… [+2851 chars]",,de,'Gas Industrie'
https://www.nzz.ch/wirtschaft/die-snb-verzichtet-trotz-steigendem-inflationsdruck-auf-eine-leitzinserhoehung-ld.10025042,https://www.nzz.ch/wirtschaft/die-snb-verzichtet-trotz-steigendem-inflationsdruck-auf-eine-leitzinserhoehung-ld.10025042,0,www.nzz.ch,Die SNB verzichtet trotz steigendem Inflationsdruck auf eine Leitzinserhöhung,Die Zinswende in der Schweiz lässt auf sich warten. Bei ihrer Lagebeurteilung entscheidet sich die Nationalbank gegen eine geldpolitische Straffung und belässt den Leitzins bei null Prozent.,"https://img-msp-prod.nzz.ch/2026/09/23/5e6eb132-cd9b-4081-9e76-ce0d3c4dda07.jpg?width=1200&height=674&fit=bounds&quality=75&auto=webp&crop=4745,2669,x0,y457&wmark=nzz",2026-09-24T07:31:42Z,,"Die Zinswende in der Schweiz lässt auf sich warten. Bei ihrer Lagebeurteilung entscheidet sich die Nationalbank gegen eine geldpolitische Straffung und belässt den Leitzins bei null Prozent.
Zusamme… [+5816 chars]",,de,'Inflation'
https://www.zeit.de/wirtschaft/2026-09/waermepumpe-heizung-preis-rechner-berater,https://www.zeit.de/wirtschaft/2026-09/waermepumpe-heizung-preis-rechner-berater,0,www.zeit.de,Heizungsrechner: Lohnt sich jetzt eine Wärmepumpe?,"Sie befreit einen von teurem Gas und Öl, aber ist eine Wärmepumpe langfristig günstiger als andere Heizarten? Prüfen Sie es für Ihr Zuhause mit unserem Rechner.",https://img.zeit.de/2025/46/lohnt-die-sich-bild-2/wide__1300x731,2026-09-24T08:36:58Z,,"Schließen
Artikelzusammenfassung
Das Heizungsgesetz ist passé, doch die Kostenfrage bleibt. Nach dem Kurswechsel von CDU und SPD dürfen auch Öl- und Gasheizungen dauerhaft eingebaut werden, weshalb… [+815 chars]",,de,'Wärmepumpe'
https://www.welt.de/wirtschaft/video6ab4e0b3274d1bab27b6a6e5/wirtschaftsprognose-hohe-schulden-ziehen-die-inflation-nach-sich.html,https://www.welt.de/wirtschaft/video6ab4e0b3274d1bab27b6a6e5/wirtschaftsprognose-hohe-schulden-ziehen-die-inflation-nach-sich.html,0,www.welt.de,„Hohe Schulden ziehen die Inflation nach sich“,"Steigende Schulden, wachsende Zinslasten und fehlende Reformen: WELT-Chefökonomin Dorothea Siems warnt vor einem gefährlichen Kurs. Deutschland müsse „eigentlich der Stabilitätsanker in Europa sein“, doch genau diese Rolle sei zunehmend gefährdet.",https://images.welt.de/6ab4e0b3274d1bab27b6a6e5/c7fb6fe4055e569ded4e88dfbfeaa40a/ci16x9-w1200/siems-24092026-jpg,2026-09-24T08:52:22Z,,"Steigende Schulden, wachsende Zinslasten und fehlende Reformen: WELT-Chefökonomin Dorothea Siems warnt vor einem gefährlichen Kurs. Deutschland müsse eigentlich der Stabilitätsanker in Europa sein, d… [+105 chars]",,de,'Inflation'
https://www.derstandard.at/story/3000000340838/beim-urlaub-wurde-heuer-gespart,https://www.derstandard.at/story/3000000340838/beim-urlaub-wurde-heuer-gespart,0,www.derstandard.at,Beim Urlaub wurde heuer gespart,Die Österreicher fahren etwas weniger und etwas kürzer auf Urlaub. Dafür kommen gerne Gäste aus dem Ausland. Die Schattenseite: Der Tourismus-Boom befeuert laut Studie die Inflation,https://i.ds.at/15pfCw/rs:fill:1200:600/plain/lido-images/2026/09/22/0d0a3a9d-3c1c-44cc-b97a-7d5d8172e60c.jpg,2026-09-24T09:00:00Z,,"Sie entscheiden darüber, wie Sie unsere Inhalte nutzen wollen. Ihr Gerät erlaubt uns derzeit leider nicht, die entsprechenden Optionen anzuzeigen.
Bitte deaktivieren Sie sämtliche Hard- und Software… [+180 chars]",,de,'Inflation'
https://tirol.orf.at/stories/3372483/,https://tirol.orf.at/stories/3372483/,0,tirol.orf.at,TIGAS sieht keine Versorgungsproblematik,"Die Gasspeicher sind in Tirol derzeit zu 90 Prozent gefüllt. Damit gebe es derzeit keine Versorgungsthematik, erklärte der Geschäftsführer des Gasversorgers TIGAS am Donnerstag. Die  Situation verhalte sich anders als zu Beginn des Ukrainekrieges, als die Gas…",https://ibs.orf.at/tir?image=https%3A%2F%2Foekastatic.orf.at%2Fmims%2F2026%2F39%2F97%2Fcrops%2Fw%3D1200%2Ch%3D627%2Cq%3D75%2F3193738_master_1238897_downloadmedium-1.jpg%3Fs%3D2a7351940593cba2d5eb6ba1d4667cbc35ba7a33,2026-09-24T10:46:09Z,,"Die Speicher vor dem Winter sind in Tirol zu 90 Prozent und bundesweit zu 67 Prozent gefüllt, sagte Georg Tollinger am Donnerstag. Die Industrie brauche aber wegen der Energiekosten Unterstützung.
D… [+2550 chars]",,de,'Gasspeicher'
https://www.focus.de/immobilien/gas-wird-immer-teurer-6-tipps-um-energiekosten-zu-sparen_7b8af09c-288a-4745-86e2-7287b1d2eef8.html,https://www.focus.de/immobilien/gas-wird-immer-teurer-6-tipps-um-energiekosten-zu-sparen_7b8af09c-288a-4745-86e2-7287b1d2eef8.html,0,www.focus.de,"Gas wird immer teurer – 6 Tipps, um Energiekosten zu sparen",Die Heizsaison steht bevor. Mit einigen einfachen Tipps können Verbraucher täglich Geld sparen. Hier sind die Details.,"https://quadro.burda-forward.de/ctf/948233bd-355d-4069-9c3f-455f5b3548b8.2bb2a9f5-debc-471e-aee6-0b741c7b27a3.jpg?im=RegionOfInterestCrop=(1200,630),regionOfInterest=(2361,1426)&hash=c80bc01c577bfd0b4a8e32c49f2bbe3acea20b5b0aa6484055cd90094a2abd3a",2026-09-24T11:05:00Z,,"Am Gasmarkt steigen die Preise massiv, Energiekonzerne warnen immer drängender und die Straße von Hormus ist immer noch blockiert. Dem deutschen Verbraucher steht ein teurerer Winter bevor als noch v… [+4284 chars]",,de,'Gas sparen'
https://www.focus.de/immobilien/ohne-import-szenario-wird-das-gas-ab-dezember-knapp_e152131f-9f54-467e-8989-f08e79dd97ae.html,https://www.focus.de/immobilien/ohne-import-szenario-wird-das-gas-ab-dezember-knapp_e152131f-9f54-467e-8989-f08e79dd97ae.html,0,www.focus.de,Ohne „Import-Szenario“ wird das Gas ab Dezember knapp,"Der Chef der Bundesnetzagentur geht davon aus, dass die Gasspeicher ausreichend voll sind. Vom November-Ziel ist Deutschland aber weit entfernt. Reicht das Gas für den Winter?","https://quadro.burda-forward.de/ctf/5a0b36d4-6f37-47ac-8867-3f2bbe7180bc.b2a55c34-76e0-4505-aff0-e758a21c277a.jpg?im=RegionOfInterestCrop=(1200,630),regionOfInterest=(2311,1711)&hash=167d6031b08ebedf14f41059ed78e405152ed8910fc5b5f972fa178bfd2dbdc8",2026-09-25T04:51:00Z,,"Je näher die Heizsaison rückt, umso unwahrscheinlicher wird es, dass Deutschland seine Gasspeicher nach Plan auffüllt. Vom Chef der Bundesnetzagentur hieß es bereits, dass die Speicher zwar noch voll… [+4829 chars]",,de,'Winter Gas'
https://www.tagesspiegel.de/wirtschaft/dpa-ex-staatssekretar-von-habeck-philipp-nimmermann-wird-erster-gruner-im-bundesbank-vorstand-16094445.html,https://www.tagesspiegel.de/wirtschaft/dpa-ex-staatssekretar-von-habeck-philipp-nimmermann-wird-erster-gruner-im-bundesbank-vorstand-16094445.html,0,www.tagesspiegel.de,Ex-Staatssekretär von Habeck: Philipp Nimmermann wird erster Grüner im Bundesbank-Vorstand,Vom Staatssekretär zum Bundesbank-Vorstand: Philipp Nimmermann bringt Erfahrung aus Energiepolitik und Finanzplatzförderung mit. Auch unter Ex-Wirtschaftsminister Robert Habeck war er im Einsatz.,https://www.tagesspiegel.de/images/16094444/alternates/BASE_16_9_W1400/1790330822000/philipp-nimmermann.jpeg,2026-09-25T10:07:02Z,,Als erster Grünen-Politiker zieht der frühere Wirtschaftsstaatssekretär Philipp Nimmermann in den Bundesbank-Vorstand ein. Der Bundesrat votierte für den 60 Jahre alten Ökonomen als Nachfolger von Bu… [+1540 chars],,de,'Energiepolitik'
https://www.tagesschau.de/wirtschaft/finanzen/marktbericht-schwerpunkt-konsumklima-100.html,https://www.tagesschau.de/wirtschaft/finanzen/marktbericht-schwerpunkt-konsumklima-100.html,0,www.tagesschau.de,Marktbericht: Verbraucher halten ihr Geld zusammen,Die Stimmung der Verbraucher in Deutschland ist so schlecht wie seit Monaten nicht. Hauptgrund sind die hohen Energiepreise. Diese stehen heute auch an der Börse einmal mehr im Fokus.,https://images.tagesschau.de/image/7046de3a-b4e8-4b87-91ca-9087247d6d01/AAABlLD_s8I/AAABnSSvrFg/16x9-big/konsum-194.jpg?width=1280,2026-09-25T11:11:04Z,,"Stand: 25.09.2026 13:11 Uhr
Die Stimmung der Verbraucher in Deutschland ist so schlecht wie seit Monaten nicht. Hauptgrund sind die hohen Energiepreise. Diese stehen heute auch an der Börse einmal m… [+4701 chars]",,de,'Energiepreise'
https://taz.de/Katherina-Reiches-Gesetze/!6211171/,https://taz.de/Katherina-Reiches-Gesetze/!6211171/,0,taz.de,Katherina Reiches Gesetze: Der Bundestag muss das Abwürgen der Energiewende verhindern,Die Gesetzentwürfe der Wirtschaftsministerin machen nicht nur die Energiebranche nervös. Die Energieversorgung des ganzen Landes steht auf dem Spiel.,https://taz.de/picture/8763165/1200/Gesetzentwurf-Reiche-Energie.jpeg,2026-09-25T16:57:00Z,,Die Gesetzentwürfe der Wirtschaftsministerin machen nicht nur die Energiebranche nervös. Die Energieversorgung des ganzen Landes steht auf dem Spiel. mehr...,,de,'Energieversorgung'
https://www.n-tv.de/ratgeber/Ab-wann-lohnt-sich-die-Heizung-Diese-Temperatur-ist-der-Richtwert-id31338150.html,https://www.n-tv.de/ratgeber/Ab-wann-lohnt-sich-die-Heizung-Diese-Temperatur-ist-der-Richtwert-id31338150.html,0,www.n-tv.de,Kühle Morgen und milde Tage: Ab wann lohnt sich die Heizung? Diese Temperatur ist der Richtwert,Im September wird es morgens und abends langsam kühler. Doch wann sollte die Heizung wieder angeschaltet werden? Ein bestimmter Richtwert hilft bei der Entscheidung - und auch beim Energiesparen.,https://www.n-tv.de/img/4042014/1745221678/Img_16_9/1200/image.jpg,2026-09-25T17:01:07Z,,"Kühle Morgen und milde TageAb wann lohnt sich die Heizung? Diese Temperatur ist der Richtwert
Als Richtwert gilt: Wohnräume sollten tagsüber etwa 20 Grad warm sein. (Foto: dpa)
Im September wird es… [+3905 chars]",,de,'Energie sparen'
https://www.telepolis.de/article/Gaskrise-vor-dem-Winter-EU-Kommissar-warnt-vor-Preisschock-beim-Heizen-11467420.html,https://www.telepolis.de/article/Gaskrise-vor-dem-Winter-EU-Kommissar-warnt-vor-Preisschock-beim-Heizen-11467420.html,0,www.telepolis.de,Gaskrise vor dem Winter: EU-Kommissar warnt vor Preisschock beim Heizen,"Dan Jørgensen fordert weniger Heizen und Licht aus. Verbindliche Vorgaben gibt es nicht, doch der TTF-Gaspreis hat sich seit Februar fast verdoppelt.",https://heise.cloudimg.io/v7/_www-heise-de_/imgs/18/5/1/7/2/2/9/6/shutterstock_2565649117-21ed4c007f6ad427.jpg?func=bound&height=1200&org_if_sml=1&q=85&width=1200,2026-09-27T19:40:00Z,,"(Bild: Alexandros Michailidis / Shutterstock.com)
Dan Jørgensen fordert weniger Heizen und Licht aus. Verbindliche Vorgaben gibt es nicht, doch der TTF-Gaspreis hat sich seit Februar fast verdoppelt… [+4693 chars]",,de,'Winter Gas'
https://www.morgenpost.de/politik/article413257945/wie-lange-noch-benzinpreis-aerger-wann-experten-mit-echter-entspannung-rechnen.html,https://www.morgenpost.de/politik/article413257945/wie-lange-noch-benzinpreis-aerger-wann-experten-mit-echter-entspannung-rechnen.html,0,www.morgenpost.de,Wie lange noch Benzinpreis-Ärger? Wann Experten mit echter Entspannung rechnen,Wegen des Iran-Krieges rechnen Experten bis auf Weiteres mit hohen Energiepreisen. Dennoch könnte es eines Tages zu einer Ölschwemme kommen.,https://img.sparknews.funkemedien.de/413267079/413267079_1790505476_v16_9_1600.jpeg,2026-09-28T04:00:00Z,,"Der bange Blick auf die Preistafel der Tankstelle gehört für viele zum täglichen Ritual. Aber die Preise für Öl, Benzin und Diesel bleiben bis auf Weiteres hoch, prognostizieren Experten. Daran änder… [+5212 chars]",,de,'Energiepreise'
https://www.tagesschau.de/wirtschaft/verbraucher/lebensmittelpreise-weizen-mais-zucker-inflation-100.html,https://www.tagesschau.de/wirtschaft/verbraucher/lebensmittelpreise-weizen-mais-zucker-inflation-100.html,0,www.tagesschau.de,Lebensmittelpreise: Droht die nächste Inflationswelle?,"An den Rohstoffbörsen steigen die Preise für Weizen, Mais und Zucker kräftig - im deutschen Supermarkt ist davon bislang kaum etwas angekommen. Doch Experten warnen: Das ist nur eine Frage der Zeit. Von Angela Göpfert.",https://images.tagesschau.de/image/ba3d6137-d85d-4a29-b901-80c7d22c9804/AAABoNMEYAQ/AAABnSSvrFg/16x9-big/konsum-286.jpg?width=1280,2026-09-28T04:00:07Z,,"Stand: 28.09.2026 06:00 Uhr
An den Rohstoffbörsen steigen die Preise für Weizen, Mais und Zucker kräftig - im deutschen Supermarkt ist davon bislang kaum etwas angekommen. Doch Experten warnen: Das … [+6218 chars]",,de,'Inflation'
https://www.morgenpost.de/wirtschaft/article413274978/heizoelpreise-aktuell-28-september-preis-heizoel-heizung-liter-heute-kaufen.html,https://www.morgenpost.de/wirtschaft/article413274978/heizoelpreise-aktuell-28-september-preis-heizoel-heizung-liter-heute-kaufen.html,0,www.morgenpost.de,"Heizölpreise heute (Montag, 28. September): Das kostet ein Liter aktuell",Bei den Heizölpreisen ging es zuletzt deutlich nach oben. Setzt sich dieser Trend heute (4. September) fort? Der aktuelle Überblick.,https://img.sparknews.funkemedien.de/406650229/406650229_1728544566_v16_9_1600.jpeg,2026-09-28T09:07:30Z,,"Der Abwärtstrend bei den Heizölpreisen geht weiter. Nach einem kurzen Hoch können sich deutsche Haushalte wieder über sinkende Preise freuen. Doch lohnt es sich, schon jetzt zu bestellen, oder ist es… [+8666 chars]",,de,'Heizöl'
https://www.jungewelt.de/artikel/530680.geo-und-energiepolitik-raketen-gegen-seltene-erden.html,https://www.jungewelt.de/artikel/530680.geo-und-energiepolitik-raketen-gegen-seltene-erden.html,0,www.jungewelt.de,Geo- und Energiepolitik: Raketen gegen seltene Erden,"US-Präsident Donald Trump soll Xi Jinping sogar Waffenlieferungen an China angeboten haben, um den Streit über Taipeh zu entschärfen. Während bei Zöllen und Halbleitern vorsichtige Annäherungen sichtbar werden, reagiert die Führung auf Taiwan zunehmend gereiz…",https://www.jungewelt.de/img/1100/227800.jpg,2026-09-28T17:37:27Z,,"Will Donald Trump jetzt auch noch Waffen an China verscherbeln? Den Vorschlag, US-Rüstungsgüter an die Volksrepublik zu liefern, hat der US-Präsident, glaubt man dem US-Botschafter in Beijing, David … [+4297 chars]",,de,'Energiepolitik'
https://www.welt.de/finanzen/article6abb47fbf7cbe7cf0da4d1e2/so-optimiert-man-den-gasvertrag.html,https://www.welt.de/finanzen/article6abb47fbf7cbe7cf0da4d1e2/so-optimiert-man-den-gasvertrag.html,0,www.welt.de,So optimiert man den Gasvertrag,"Krieg in der Ukraine, Konflikt zwischen USA und Iran, Huthis am Roten Meer - und der Winter naht. Wer da an seine Gasheizung, die kommende Heizperiode und den Brennstoffpreis denkt, sollte jetzt einmal Kassensturz machen: Wie lange gilt noch eine eventuelle P…",https://img.welt.de/img/masters/mobile160492822/7651629427-ci16x9-w1200/welt-fallback-jpg.jpg,2026-09-29T06:36:37Z,,"Krieg in der Ukraine, Konflikt zwischen USA und Iran, Huthis am Roten Meer - und der Winter naht. Wer da an seine Gasheizung, die kommende Heizperiode und den Brennstoffpreis denkt, sollte jetzt einm… [+5574 chars]",,de,'Heizperiode'
https://www.morgenpost.de/wirtschaft/article413274978/heizoelpreise-aktuell-29-september-preis-heizoel-heizung-liter-heute-kaufen.html,https://www.morgenpost.de/wirtschaft/article413274978/heizoelpreise-aktuell-29-september-preis-heizoel-heizung-liter-heute-kaufen.html,0,www.morgenpost.de,"Heizölpreise aktuell (Dienstag, 29. September): Das kostet ein Liter heute",Bei den Heizölpreisen ging es zuletzt deutlich nach oben. Setzt sich dieser Trend heute (4. September) fort? Der aktuelle Überblick.,https://img.sparknews.funkemedien.de/406858449/406858449_1728458201_v16_9_1600.jpeg,2026-09-29T07:21:30Z,,"Die Heizölpreise bleiben weiterhin dynamisch. Verbraucherinnen und Verbraucher konnten sich zuletzt über sinkende Preise freuen. Doch lohnt es sich, schon jetzt zu bestellen, oder ist es sinnvoller, … [+8573 chars]",,de,'Heizkosten'
https://vorarlberg.orf.at/stories/3373197/,https://vorarlberg.orf.at/stories/3373197/,0,vorarlberg.orf.at,Heizkostenzuschuss: Antrag ab 19.10. möglich,Der Heizkostenzuschuss des Landes Vorarlberg für die Heizperiode 2026/27 kann ab 19. Oktober bei der jeweiligen Wohngemeinde beantragt werden. Der einmalige Zuschuss beträgt wie in der vergangenen Heizperiode bis zu 250 Euro. Über den Anspruch entscheiden Ein…,https://ibs.orf.at/vbg?image=https%3A%2F%2Foekastatic.orf.at%2Fmims%2F2020%2F41%2F73%2Fcrops%2Fw%3D1200%2Ch%3D627%2Cq%3D75%2F711547_master_246573_adobestock_319272177.jpeg%3Fs%3D4ee90dfe6988a082940eb4ae8acc036455d9a606,2026-09-29T14:32:24Z,,"Die Antragsfrist endet am 12. Februar 2027. Vergangenen Winter erhielten in Vorarlberg 10.809 Haushalte Heizkostenzuschuss, darunter 2.104 Haushalte mit Sozialhilfe.
Für eine alleinlebende Person li… [+1012 chars]",,de,'Heizperiode'
https://www.telepolis.de/article/Gasspeicher-Branchenvertreter-fordern-jetzt-eine-staatliche-Reserve-11470113.html,https://www.telepolis.de/article/Gasspeicher-Branchenvertreter-fordern-jetzt-eine-staatliche-Reserve-11470113.html,0,www.telepolis.de,Gasspeicher: Branchenvertreter fordern jetzt eine staatliche Reserve,Europas Gasspeicher sind vor dem Winter so leer wie nie seit Messbeginn. Für Händler lohnt sich das Einspeichern kaum noch. Die Branche fordert Reserven.,https://heise.cloudimg.io/v7/_www-heise-de_/imgs/18/5/1/7/3/6/6/0/shutterstock_1623663070-d753f007470a3fdd.jpg?func=bound&height=1200&org_if_sml=1&q=85&width=1200,2026-09-29T15:30:00Z,,"(Bild: Vytautas Kielaitis / Shutterstock.com)
Europas Gasspeicher sind vor dem Winter so leer wie nie seit Messbeginn. Für Händler lohnt sich das Einspeichern kaum noch. Die Branche fordert Reserven… [+3831 chars]",,de,'Gasspeicher'
https://www.n-tv.de/wirtschaft/EU-prophezeit-sehr-hohe-Energiepreise-im-Winter-id31362093.html,https://www.n-tv.de/wirtschaft/EU-prophezeit-sehr-hohe-Energiepreise-im-Winter-id31362093.html,0,www.n-tv.de,"Keine Versorgungsprobleme: EU prophezeit ""sehr hohe"" Energiepreise im Winter",Die Energiepreise sind angesichts des Kriegs im Nahen Osten hoch. Mit Blick auf den Winter dürfte die Nachfrage in Europa steigen und mit ihr die Preise. Die EU beziffert die Zusatzkosten für die Versorgung auf bereits mehr als 100 Milliarden Euro.,https://www.n-tv.de/img/31362101/1790702040/Img_16_9/1200/617713597.jpg,2026-09-29T15:49:28Z,,"""Wenn die Preise auf dem Weltmarkt steigen, trifft das auch unsere Bürger und unsere Industrie"", stellt die EU fest. (Foto: picture alliance / SvenSimon)
Die Energiepreise sind angesichts des Kriegs… [+2848 chars]",,de,'Gas Industrie'
https://www.n-tv.de/ratgeber/Vor-der-Heizsaison-So-daemmen-sie-Ihre-Kellerdecke-selbst-id31304739.html,https://www.n-tv.de/ratgeber/Vor-der-Heizsaison-So-daemmen-sie-Ihre-Kellerdecke-selbst-id31304739.html,0,www.n-tv.de,Energie und Geld sparen : Vor der Heizsaison: So dämmen sie Ihre Kellerdecke selbst,"Bald wieder kalte Füße im Erdgeschoss? Das muss nicht sein. Wer seine Kellerdecke jetzt dämmt, kann dem vorbeugen - und Heizkosten sparen. Wie man am besten vorgeht.",https://www.n-tv.de/img/6732395/1759258849/Img_16_9/1200/image.jpg,2026-09-29T17:08:28Z,,"Kellerdecke dämmen, Heizkosten senken: Wer handwerkliches Geschick besitzt, kann die Dämmung der Kellerdecke selbst anbringen. (Foto: dpa)
Bald wieder kalte Füße im Erdgeschoss? Das muss nicht sein.… [+4348 chars]",,de,'Heizkosten'
https://www.tagesspiegel.de/wirtschaft/dpa-zahlen-fur-das-1-halbjahr-preise-fur-strom-und-gas-sinken-auf-hohem-niveau-leicht-16109507.html,https://www.tagesspiegel.de/wirtschaft/dpa-zahlen-fur-das-1-halbjahr-preise-fur-strom-und-gas-sinken-auf-hohem-niveau-leicht-16109507.html,0,www.tagesspiegel.de,Zahlen für das 1. Halbjahr: Preise für Strom und Gas sinken auf hohem Niveau leicht,Trotz rückläufiger Preise zahlen private Verbraucher für Haushaltsenergie deutlich mehr als vor dem Ukraine-Krieg. Gas könnte zudem wieder teurer werden: Unternehmen spüren bereits die Hormus-Krise.,https://www.tagesspiegel.de/images/16109506/alternates/BASE_16_9_W1400/1790752508000/gasflamme.jpeg,2026-09-30T07:15:08Z,,Privathaushalte in Deutschland zahlen für Strom und Gas trotz eines leichten Preisrückgangs in jüngster Frist nach wie vor deutlich mehr als vor Beginn des russischen Angriffskrieges gegen die Ukrain… [+2651 chars],,de,'Gas Industrie'
https://www.focus.de/immobilien/wohnen/die-unabhaengigkeit-von-energiekosten-kostet-jahre-und-geld_50a6c5e1-873f-472e-9004-b53619c5cfe6.html,https://www.focus.de/immobilien/wohnen/die-unabhaengigkeit-von-energiekosten-kostet-jahre-und-geld_50a6c5e1-873f-472e-9004-b53619c5cfe6.html,0,www.focus.de,Die Unabhängigkeit von Energiekosten kostet Jahre und Geld,"Benzin kostet 2,50 Euro, die Gasspeicher sind bedenklich schwach gefüllt, die Strompreise die vierthöchsten der Welt. Wer genug davon hat, kann sich unabhängig machen. Doch lohnt sich das finanziell?","https://quadro.burda-forward.de/ctf/59dc29dd-b67c-485c-81ff-9fd316cbf81a.5963c038-734a-49e0-8a05-973246524739.jpeg?im=RegionOfInterestCrop=(1200,630),regionOfInterest=(1754,1318)&hash=34f4749e1a6612a9828d17d3f458b7b9898107c89403b010d19b8ca63cf6c38d",2026-09-30T07:31:00Z,,Vom Energiemarkt kommen in den vergangenen Jahren selten gute Nachrichten. Aktuell ist Benzin in Deutschland so teuer wie nie zuvor. Gestern erst stieg der Liter Diesel im bundesweiten Durchschnitt k… [+10103 chars],,de,'Gas sparen'
https://www.zeit.de/wirtschaft/2026-09/gasspeicher-deutschland-katherina-reiche-sefe-erdgas-gxe,https://www.zeit.de/wirtschaft/2026-09/gasspeicher-deutschland-katherina-reiche-sefe-erdgas-gxe,0,www.zeit.de,Gasspeicher in Deutschland: Katherina Reiche weist Energieunternehmen zu Gasspeicherung an,"Die Bundeswirtschaftsministerin fordert das staatliche Energieunternehmen Sefe auf, Gas einzukaufen und zu speichern. Die Preise sind durch den Irankrieg hoch.",https://img.zeit.de/wirtschaft/2026-09/gasspeicher-deutschland-katherina-reiche-sefe-erdgas-foto-1/wide__1300x731,2026-09-30T07:38:58Z,,"Bundeswirtschaftsministerin Katherina Reiche (CDU) hat das staatliche Energieunternehmen Sefe angewiesen, mehr Erdgas einzuspeichern. Sefe teilte mit, dass das Bundesministerium für Wirtschaft und En… [+1997 chars]",,de,'Gasmangel'
https://www.tagesspiegel.de/wirtschaft/dpa-energie-reiche-sichert-gasversorgung-ab-anweisung-an-staatsfirma-16109741.html,https://www.tagesspiegel.de/wirtschaft/dpa-energie-reiche-sichert-gasversorgung-ab-anweisung-an-staatsfirma-16109741.html,0,www.tagesspiegel.de,Energie: Reiche sichert Gasversorgung ab - Anweisung an Staatsfirma,"Die Füllstände der Gasspeicher in Deutschland sind vergleichsweise niedrig. Ministerin Reiche hatte gesagt, verschiedene Instrumente seien vorbereitet. Eines wird nun angewendet.",https://www.tagesspiegel.de/images/16110162/alternates/BASE_16_9_W1400/1790759293000/bundeswirtschaftsministerin-reiche.jpeg,2026-09-30T08:10:42Z,,Bundeswirtschaftsministerin Katherina Reiche (CDU) reagiert auf die niedrigen Füllstände der Gasspeicher in Deutschland und sichert die Gasversorgung stärker ab. Reiche wies das bundeseigene Energieu… [+5220 chars],,de,'Gasspeicher'
https://www.n-tv.de/wirtschaft/Reiche-weist-mehr-Gaseinkaeufe-durch-Staatsunternehmen-Sefe-an-id31363587.html,https://www.n-tv.de/wirtschaft/Reiche-weist-mehr-Gaseinkaeufe-durch-Staatsunternehmen-Sefe-an-id31363587.html,0,www.n-tv.de,Mit Merz abgestimmter Schritt: Reiche weist mehr Gaseinkäufe durch Staatsunternehmen Sefe an,"Die deutschen Gasspeicher sind im Vergleich zu den vergangenen Jahren deutlich weniger gefüllt. Wirtschaftsministerin Reiche wehrt sich lange gegen einen staatlichen Eingriff, vollzieht dann aber eine Kehrtwende. Nun ist klar, wie viel zusätzliches Gas bescha…",https://www.n-tv.de/img/31363654/1790759468/Img_16_9/1200/535541000.jpg,2026-09-30T08:38:15Z,,"Ein Mitarbeiter von Sefe am Erdgasspeicher Rehden. (Foto: picture alliance/dpa)
Die deutschen Gasspeicher sind im Vergleich zu den vergangenen Jahren deutlich weniger gefüllt. Wirtschaftsministerin … [+2141 chars]",,de,'Gas Wirtschaft'
https://www.diepresse.com/41308232/ich-will-von-protokoll-nichts-wissen-trumps-us-botschafter-sorgen-fuer,https://www.diepresse.com/41308232/ich-will-von-protokoll-nichts-wissen-trumps-us-botschafter-sorgen-fuer,0,www.diepresse.com,„Ich will von Protokoll nichts wissen“: Trumps US-Botschafter sorgen für Chaos in Europa [premium],"Kimberly Guilfoyle, US-Botschafterin in Athen, sorgt mit Flüssiggas-Geschäften und möglichen US-Interventionen in Bukarest für einen diplomatischen Eklat. Auch in anderen europäischen Hauptstädten legen sich Trumps Botschafter offen mit den Regierungen an.",https://img.diepresse.com/public/incoming/vcv7rz-gettyimages-2263221782jpg/alternates/WEBP_WIDE_1200/GettyImages-2263221782.jpg,2026-09-30T08:42:05Z,,"In Constana war Darryl Nirenberg um Schadensbegrenzung bemüht. Manchmal, sagte der US-Botschafter in Rumänien bei einer Veranstaltung, könne die Demokratie eben turbulent sein. Doch alles, was in Rum… [+6297 chars]",,de,'LNG'
https://www.diepresse.com/41309436/weg-von-preisbremsen-hin-zur-wirksamen-klimapolitik,https://www.diepresse.com/41309436/weg-von-preisbremsen-hin-zur-wirksamen-klimapolitik,0,www.diepresse.com,Weg von Preisbremsen – hin zur wirksamen Klimapolitik,Bitte keine Wattebausch-Politik mehr! Österreich muss nun den Klimafahrplan als Chance für die Transformation nutzen.,https://img.diepresse.com/public/incoming/8wd47l-29sep26-spritpreisbremse-peter-kufner-kuf-onlinejpg/alternates/WEBP_WIDE_1200/29sep26%20spritpreisbremse%20-%20peter%20kufner%20kuf%20-online.jpg,2026-09-30T09:19:27Z,,"Die Presse auf Google als bevorzugte Nachrichtenquelle hinzufügen.
 Vergangene Woche ging der Entwurf des Klimagesetzes in Begutachtung. Es handelt sich um ein Klima-Governance-Gesetz, das regelt, w… [+7423 chars]",,de,'Klimaziele Fossile'
https://www.zeit.de/news/2026-09/30/inflation-in-hessen-erreicht-hoechsten-stand-seit-ende-2023,https://www.zeit.de/news/2026-09/30/inflation-in-hessen-erreicht-hoechsten-stand-seit-ende-2023,0,www.zeit.de,Folge des Iran-Kriegs: Inflation in Hessen erreicht höchsten Stand seit Ende 2023,Hier finden Sie Informationen zu dem Thema „Folge des Iran-Kriegs“. Lesen Sie jetzt „Inflation in Hessen erreicht höchsten Stand seit Ende 2023“.,https://img.zeit.de/news/2026-09/30/inflation-in-hessen-erreicht-hoechsten-stand-seit-ende-2023-image-group/wide__1300x731,2026-09-30T09:41:09Z,,"Deutlich steigende Preise für Sprit und Heizöl haben die Inflationsrate in Hessen auf den höchsten Stand seit Ende 2023 getrieben. Die Verbraucherpreise kletterten im September um 3,4 Prozent verglic… [+1789 chars]",,de,'Inflation'
https://www.faz.net/aktuell/rhein-main/wirtschaft/hessen-inflation-auf-hoechstem-stand-seit-drei-jahren-accg-201276115.html,https://www.faz.net/aktuell/rhein-main/wirtschaft/hessen-inflation-auf-hoechstem-stand-seit-drei-jahren-accg-201276115.html,0,www.faz.net,Kraftstoffe als Treiber: Inflation in Hessen erreicht höchsten Stand seit Ende 2023,"Die Teuerungsrate in Hessen hat den höchsten Stand seit fast drei Jahren erreicht. Nicht nur das Tanken ist viel teurer geworden, auch soziale Einrichtungen haben ihre Preise erhöht.",https://media0.faz.net/image/w1200h627/de107f22b7cf/w4352h2273x0y314o/202609/43601.0.2552439285/treiben-manchen-traenen-in-die.webp,2026-09-30T10:07:45Z,,"Deutlich steigende Preise für Sprit und Heizöl haben die Inflationsrate in Hessen auf den höchsten Stand seit Ende 2023 getrieben. Die Verbraucherpreise kletterten im September um 3,4 Prozent verglic… [+1724 chars]",,de,'Energiepreise'
https://www.faz.net/aktuell/wirtschaft/klima-nachhaltigkeit/reiche-ordnet-befuellung-der-gasspeicher-an-accg-201276210.html,https://www.faz.net/aktuell/wirtschaft/klima-nachhaltigkeit/reiche-ordnet-befuellung-der-gasspeicher-an-accg-201276210.html,0,www.faz.net,Energieversorgung: Reiche ordnet Befüllung der Gasspeicher an,Die Wirtschaftsministerin sorgt sich um eine sichere Versorgung mit Gas im kommenden Winter. Nun gibt es konkrete Anweisungen für ein verstaatlichtes Unternehmen.,https://media0.faz.net/image/w1200h627/6b7d5ad3cb01/w4959h2591x0y99o/202609/43601.0.2584820343/wirtschaftsministerin.webp,2026-09-30T10:29:37Z,,"Bundeswirtschaftsministerin Katherina Reiche (CDU) hat das verstaatlichte Energieunternehmen Sefe angewiesen, mehr Gas einzuspeichern. Dies sei in Absprache mit Kanzler Friedrich Merz (CDU) geschehen… [+1857 chars]",,de,'Winter Gas'
https://www.morgenpost.de/politik/article413294344/schlecht-gefuellte-gasspeicher-in-deutschland-reiche-reagiert-ein-bisschen.html,https://www.morgenpost.de/politik/article413294344/schlecht-gefuellte-gasspeicher-in-deutschland-reiche-reagiert-ein-bisschen.html,0,www.morgenpost.de,Schlecht gefüllte Gasspeicher in Deutschland: Reiche reagiert – ein bisschen,"Die Wirtschaftsministerin reagiert auf Sorgen über die Versorgungssicherheit und weist SEFE an, Gas einzukaufen – jedenfalls ein bisschen.",https://img.sparknews.funkemedien.de/413295555/413295555_1790767310_v16_9_1600.jpeg,2026-09-30T11:21:50Z,,Katherina Reiche (CDU) gibt nach  jedenfalls ein bisschen. Nach monatelangen Debatten über die vergleichsweise niedrigen Füllstände der deutschen Gasspeicher hat die Bundeswirtschaftsministerin nach … [+3498 chars],,de,'Gas Wirtschaft'
https://www.n-tv.de/politik/Kampfjets-in-Polen-und-Rumaenien-steigen-auf-id31365111.html,https://www.n-tv.de/politik/Kampfjets-in-Polen-und-Rumaenien-steigen-auf-id31365111.html,0,www.n-tv.de,Verheerende Angriffe der Russen: Kampfjets in Polen und Rumänien steigen auf,Die Ukraine befürchtet für den Winter das Schlimmste. Und schon jetzt geht es los: Laut Kiew kommt es zur ersten massiven und koordinierten Angriffswelle der Russen seit Ende der letzten Heizperiode. Die Attacken haben auch Folgen in Polen und Rumänien.,https://www.n-tv.de/img/31365060/1790773688/Img_16_9/1200/622416004.jpg,2026-09-30T11:39:53Z,,"Eine Rettungskraft bei einem Wohnhauses, das nach einem russischen Drohnenangriff auf die ukrainische Hauptstadt beschädigt wurde. (Foto: picture alliance/dpa/Ukrainian Emergency Service via AP)
Die… [+3028 chars]",,de,'Heizperiode'
https://www.faz.net/aktuell/finanzen/finanzmarkt/inflation-in-deutschland-steigt-auf-3-3-prozent-wegen-teurer-energie-accg-201275375.html,https://www.faz.net/aktuell/finanzen/finanzmarkt/inflation-in-deutschland-steigt-auf-3-3-prozent-wegen-teurer-energie-accg-201275375.html,0,www.faz.net,"Deutlicher Schub: Inflation in Deutschland steigt auf 3,3 Prozent",Vor allem die Energiepreise treiben die Inflation. Bei den Lebensmitteln gibt es hingegen kaum Bewegung. Was wird alles teurer und billiger?,https://media0.faz.net/image/w1200h627/2376bae253a7/w3480h1818x0y305o/202609/43601.0.2591629336/tankstelle-in-sachsen-die.webp,2026-09-30T12:02:39Z,,"Die Inflationsrate in Deutschland ist im September auf 3,3 Prozent gestiegen. Das hat das Statistische Bundesamt in Wiesbaden am Mittwoch aufgrund einer ersten Schätzung mitgeteilt. Im August hatte d… [+5122 chars]",,de,'Energiepreise'
https://www.tagesschau.de/wirtschaft/inflation-september-energiepreise-100.html,https://www.tagesschau.de/wirtschaft/inflation-september-energiepreise-100.html,0,www.tagesschau.de,"Inflationsrate steigt im September auf 3,3 Prozent",Die Inflation in Deutschland ist im September erstmals seit fast drei Jahren auf über drei Prozent angestiegen. Schuld daran sind vor allem die massiv gestiegene Energiepreise.,https://images.tagesschau.de/image/18cfc835-250e-4a08-a631-68a9eb2002c2/AAABoPJG76M/AAABnSSvrFg/16x9-big/zapfsaeule-144.jpg?width=1280,2026-09-30T12:27:24Z,,"Stand: 30.09.2026 14:27 Uhr
Die Inflation in Deutschland ist im September erstmals seit fast drei Jahren auf über drei Prozent angestiegen. Schuld daran sind vor allem die massiv gestiegene Energiep… [+1293 chars]",,de,'Energiepreise'
https://www.faz.net/aktuell/wirtschaft/mehr-wirtschaft/inflationssorge-in-deutschland-ist-die-kaufkraft-wirklich-bedroht-201275275.html,https://www.faz.net/aktuell/wirtschaft/mehr-wirtschaft/inflationssorge-in-deutschland-ist-die-kaufkraft-wirklich-bedroht-201275275.html,0,www.faz.net,Inflationssorgen: Der Kaufkraft-Irrtum,"Tanken ist teuer, die Inflation steigt. Es stimmt aber nicht, dass der Alltag für Normalverdiener unbezahlbar wird. Die Bundesregierung tut sich keinen Gefallen, wenn sie dieses Narrativ übernimmt.",https://media0.faz.net/image/w1200h627/f9dbbafde123/w4513h2358x0y326o/202609/43601.0.2611651129/verzerrte-wahrnehmung-wer.webp,2026-09-30T12:40:28Z,,"Sie fühlen es doch auch alles wird immer teurer! Benzin, Brot, Butter, das Geld rinnt nur so durch die Hände. Die steigenden Preise sind inzwischen die größte Sorge der Deutschen. Das Leben, so schei… [+2038 chars]",,de,'Inflation'
https://www.faz.net/aktuell/zahlen-zu-strom-und-gas-wie-hart-die-krise-deutschland-trifft-18232227.html,https://www.faz.net/aktuell/zahlen-zu-strom-und-gas-wie-hart-die-krise-deutschland-trifft-18232227.html,0,www.faz.net,Zahlen zu Strom und Gas: Wie hart trifft Deutschland die Energiekrise?,"Konflikte, Sanktionen und gesperrte Handelsrouten beeinflussen den Energiemarkt in Deutschland. Unsere täglich aktualisierten Grafiken zeigen die Auswirkungen.",https://media0.faz.net/image/w1200h627/cb0697b400a7/w1867h975x167y37o/202609/9eaae94f-4f5a-4b6e-8c81-6a17b2ffda9f/wie-wirkt-sich-der.webp,2026-09-30T13:00:00Z,,"Energie in Deutschland in täglich aktualisierten Grafiken
Von JULIA BELLAN, CLAUDIA BOTHE, JENS GIESEL, CORINNA ZANDER und RAINER STIERLI
Konflikte, Sanktionen und gesperrte Handelsrouten beeinflus… [+5064 chars]",,de,'Energiekrise'
https://taz.de/Verbraucherschuetzer-ueber-Gasheizungen/!6216939/,https://taz.de/Verbraucherschuetzer-ueber-Gasheizungen/!6216939/,0,taz.de,Verbraucherschützer über Gasheizungen: „Als Mie­te­r:in ist man in einer schwachen Position“,"Die Heizperiode beginnt – und die Gasspeicher sind auf einem Tiefstand. Verbraucherschützer Florian Munder erklärt, was das für Betroffene heißt.",https://taz.de/picture/8766030/1200/42207202.jpeg,2026-09-30T18:10:00Z,,"Die Heizperiode beginnt – und die Gasspeicher sind auf einem Tiefstand. Verbraucherschützer Florian Munder erklärt, was das für Betroffene heißt. mehr...",,de,'Heizperiode'
